1426879123.359,-4.0,45.0,48.0
1426879123.391,-4.0,44.0,49.0
1426879123.422,-5.0,44.0,48.0
1426879123.453,-4.0,45.0,47.0
1426879123.484,-5.0,44.0,46.0
1426879123.516,-6.0,39.0,49.0
1426879123.547,-5.0,42.0,48.0
1426879123.578,-5.0,45.0,46.0
1426879123.609,-4.0,45.0,48.0
1426879123.641,-4.0,43.0,49.0
1426879123.672,-4.0,43.0,49.0
1426879123.703,-5.0,44.0,47.0
1426879123.734,-4.0,46.0,47.0
1426879123.766,-5.0,44.0,47.0
1426879123.797,-4.0,44.0,48.0
1426879123.828,-4.0,44.0,48.0
1426879123.859,-4.0,43.0,48.0
1426879123.891,-5.0,43.0,49.0
1426879123.922,-4.0,45.0,48.0
1426879123.953,-4.0,44.0,48.0
1426879123.984,-4.0,44.0,48.0
1426879124.016,-4.0,44.0,47.0
1426879124.047,-4.0,44.0,48.0
1426879124.078,-5.0,43.0,48.0
1426879124.109,-4.0,44.0,48.0
1426879124.141,-4.0,45.0,47.0
1426879124.172,-4.0,44.0,48.0
1426879124.203,-5.0,44.0,48.0
1426879124.234,-5.0,43.0,48.0
1426879124.266,-4.0,45.0,47.0
1426879124.297,-4.0,44.0,48.0
1426879124.328,-4.0,44.0,48.0
1426879124.359,-5.0,44.0,48.0
1426879124.391,-5.0,44.0,48.0
1426879124.422,-4.0,44.0,48.0
1426879124.453,-4.0,44.0,47.0
1426879124.484,-4.0,44.0,48.0
1426879124.516,-4.0,44.0,47.0
1426879124.547,-5.0,44.0,47.0
1426879124.578,-4.0,44.0,48.0
1426879124.609,-5.0,44.0,47.0
1426879124.641,-4.0,44.0,47.0
1426879124.672,-5.0,44.0,47.0
1426879124.703,-4.0,44.0,47.0
1426879124.734,-4.0,44.0,47.0
1426879124.766,-5.0,44.0,47.0
1426879124.797,-4.0,44.0,47.0
1426879124.828,-4.0,44.0,47.0
1426879124.859,-5.0,44.0,47.0
1426879124.891,-4.0,44.0,48.0
1426879124.922,-4.0,44.0,47.0
1426879124.953,-4.0,44.0,47.0
1426879124.984,-4.0,44.0,48.0
1426879125.016,-4.0,44.0,47.0
1426879125.047,-4.0,44.0,47.0
1426879125.078,-4.0,44.0,48.0
1426879125.109,-4.0,44.0,48.0
1426879125.141,-5.0,44.0,47.0
1426879125.172,-4.0,44.0,47.0
1426879125.203,-4.0,44.0,47.0
1426879125.234,-4.0,44.0,47.0
1426879125.266,-4.0,44.0,48.0
1426879125.297,-4.0,45.0,47.0
1426879125.328,-5.0,44.0,48.0
1426879125.359,-4.0,44.0,48.0
1426879125.391,-4.0,44.0,47.0
1426879125.422,-5.0,44.0,47.0
1426879125.453,-4.0,44.0,47.0
1426879125.484,-5.0,44.0,47.0
1426879125.516,-4.0,45.0,47.0
1426879125.547,-4.0,44.0,47.0
1426879125.578,-4.0,44.0,48.0
1426879125.609,-4.0,44.0,47.0
1426879125.641,-4.0,45.0,47.0
1426879125.672,-4.0,44.0,48.0
1426879125.703,-5.0,44.0,48.0
1426879125.734,-5.0,44.0,47.0
1426879125.766,-5.0,44.0,48.0
1426879125.797,-4.0,44.0,47.0
1426879125.828,-4.0,44.0,48.0
1426879125.859,-5.0,44.0,47.0
1426879125.891,-4.0,44.0,47.0
1426879125.922,-5.0,44.0,47.0
1426879125.953,-4.0,44.0,47.0
1426879125.984,-4.0,44.0,47.0
1426879126.016,-5.0,44.0,47.0
1426879126.047,-5.0,44.0,47.0
1426879126.078,-4.0,44.0,47.0
1426879126.109,-4.0,44.0,48.0
1426879126.141,-5.0,44.0,48.0
1426879126.172,-5.0,44.0,48.0
1426879126.203,-4.0,44.0,47.0
1426879126.234,-4.0,44.0,47.0
1426879126.266,-4.0,44.0,47.0
1426879126.297,-5.0,44.0,48.0
1426879126.328,-4.0,45.0,48.0
1426879126.36,-5.0,44.0,47.0
1426879126.391,-4.0,44.0,47.0
1426879126.422,-4.0,44.0,48.0
1426879126.453,-4.0,45.0,47.0
1426879126.485,-4.0,44.0,47.0
1426879126.516,-5.0,44.0,48.0
1426879126.547,-4.0,44.0,47.0
1426879126.578,-5.0,45.0,47.0
1426879126.61,-4.0,44.0,48.0
1426879126.641,-4.0,44.0,48.0
1426879126.672,-4.0,44.0,47.0
1426879126.703,-5.0,45.0,47.0
1426879126.735,-5.0,45.0,47.0
1426879126.766,-4.0,44.0,47.0
1426879126.797,-5.0,44.0,47.0
1426879126.828,-5.0,44.0,47.0
1426879126.86,-4.0,44.0,48.0
1426879126.891,-4.0,44.0,47.0
1426879126.922,-5.0,44.0,48.0
1426879126.953,-4.0,44.0,48.0
1426879126.985,-4.0,44.0,47.0
1426879127.016,-5.0,44.0,48.0
1426879127.047,-4.0,45.0,47.0
1426879127.078,-4.0,44.0,48.0
1426879127.11,-5.0,44.0,47.0
1426879127.141,-4.0,44.0,47.0
1426879127.172,-4.0,44.0,47.0
1426879127.203,-4.0,44.0,47.0
1426879127.235,-5.0,44.0,47.0
1426879127.266,-4.0,44.0,48.0
1426879127.297,-4.0,44.0,47.0
1426879127.328,-5.0,44.0,47.0
1426879127.36,-5.0,43.0,48.0
1426879127.391,-5.0,45.0,48.0
1426879127.422,-4.0,44.0,47.0
1426879127.453,-4.0,44.0,48.0
1426879127.485,-5.0,44.0,48.0
1426879127.516,-4.0,44.0,48.0
1426879127.547,-4.0,44.0,47.0
1426879127.578,-5.0,44.0,47.0
1426879127.61,-4.0,44.0,47.0
1426879127.641,-5.0,44.0,47.0
1426879127.672,-4.0,45.0,47.0
1426879127.703,-5.0,44.0,48.0
1426879127.735,-5.0,44.0,47.0
1426879127.766,-4.0,44.0,48.0
1426879127.797,-4.0,45.0,47.0
1426879127.828,-4.0,44.0,48.0
1426879127.86,-5.0,44.0,47.0
1426879127.891,-4.0,44.0,47.0
1426879127.922,-4.0,44.0,47.0
1426879127.953,-5.0,45.0,47.0
1426879127.985,-5.0,44.0,48.0
1426879128.016,-4.0,44.0,47.0
1426879128.047,-4.0,44.0,47.0
1426879128.078,-5.0,44.0,47.0
1426879128.11,-4.0,44.0,47.0
1426879128.141,-4.0,44.0,47.0
1426879128.172,-5.0,44.0,48.0
1426879128.203,-5.0,44.0,47.0
1426879128.235,-5.0,44.0,48.0
1426879128.266,-4.0,45.0,47.0
1426879128.297,-5.0,44.0,48.0
1426879128.328,-4.0,44.0,47.0
1426879128.36,-4.0,44.0,47.0
1426879128.391,-5.0,44.0,47.0
1426879128.422,-5.0,44.0,47.0
1426879128.453,-4.0,44.0,48.0
1426879128.485,-5.0,44.0,48.0
1426879128.516,-5.0,44.0,48.0
1426879128.547,-4.0,44.0,47.0
1426879128.578,-5.0,44.0,47.0
1426879128.61,-5.0,44.0,47.0
1426879128.641,-4.0,45.0,47.0
1426879128.672,-4.0,44.0,47.0
1426879128.703,-5.0,44.0,47.0
1426879128.735,-4.0,44.0,47.0
1426879128.766,-4.0,44.0,47.0
1426879128.797,-4.0,44.0,48.0
1426879128.828,-4.0,44.0,47.0
1426879128.86,-5.0,44.0,48.0
1426879128.891,-5.0,44.0,47.0
1426879128.922,-5.0,44.0,48.0
1426879128.953,-4.0,44.0,47.0
1426879128.985,-4.0,44.0,47.0
1426879129.016,-4.0,44.0,47.0
1426879129.047,-4.0,44.0,48.0
1426879129.078,-4.0,44.0,47.0
1426879129.11,-4.0,44.0,47.0
1426879129.141,-4.0,44.0,47.0
1426879129.172,-4.0,44.0,47.0
1426879129.203,-4.0,44.0,47.0
1426879129.235,-5.0,44.0,47.0
1426879129.266,-4.0,45.0,47.0
1426879129.297,-4.0,44.0,47.0
1426879129.328,-4.0,44.0,48.0
1426879129.36,-4.0,44.0,47.0
1426879129.391,-4.0,44.0,47.0
1426879129.422,-4.0,44.0,47.0
1426879129.453,-4.0,44.0,47.0
1426879129.485,-4.0,44.0,47.0
1426879129.516,-5.0,44.0,47.0
1426879129.547,-4.0,44.0,47.0
1426879129.578,-5.0,44.0,47.0
1426879129.61,-4.0,44.0,48.0
1426879129.641,-4.0,44.0,48.0
1426879129.672,-5.0,45.0,47.0
1426879129.703,-4.0,44.0,48.0
1426879129.735,-4.0,44.0,47.0
1426879129.766,-4.0,44.0,48.0
1426879129.797,-4.0,45.0,47.0
1426879129.828,-4.0,44.0,48.0
1426879129.86,-4.0,44.0,47.0
1426879129.891,-4.0,44.0,47.0
1426879129.922,-4.0,45.0,47.0
1426879129.953,-4.0,44.0,48.0
1426879129.985,-4.0,44.0,47.0
1426879130.016,-5.0,44.0,47.0
1426879130.047,-5.0,44.0,48.0
1426879130.078,-5.0,44.0,47.0
1426879130.11,-5.0,44.0,48.0
1426879130.141,-4.0,44.0,48.0
1426879130.172,-4.0,44.0,47.0
1426879130.203,-5.0,44.0,47.0
1426879130.235,-4.0,44.0,47.0
1426879130.266,-4.0,45.0,48.0
1426879130.297,-4.0,44.0,47.0
1426879130.328,-4.0,44.0,47.0
1426879130.36,-4.0,44.0,47.0
1426879130.391,-4.0,44.0,48.0
1426879130.422,-5.0,44.0,48.0
1426879130.453,-5.0,44.0,47.0
1426879130.485,-4.0,44.0,47.0
1426879130.516,-5.0,44.0,47.0
1426879130.547,-4.0,44.0,47.0
1426879130.578,-4.0,44.0,48.0
1426879130.61,-4.0,45.0,47.0
1426879130.641,-4.0,44.0,47.0
1426879130.672,-4.0,44.0,48.0
1426879130.703,-4.0,45.0,47.0
1426879130.735,-4.0,45.0,47.0
1426879130.766,-4.0,44.0,48.0
1426879130.797,-4.0,44.0,48.0
1426879130.828,-4.0,44.0,47.0
1426879130.86,-4.0,44.0,47.0
1426879130.891,-5.0,45.0,47.0
1426879130.922,-5.0,44.0,47.0
1426879130.953,-4.0,44.0,47.0
1426879130.985,-4.0,45.0,47.0
1426879131.016,-5.0,43.0,48.0
1426879131.047,-4.0,43.0,49.0
1426879131.078,-5.0,45.0,47.0
1426879131.11,-4.0,44.0,48.0
1426879131.141,-5.0,44.0,47.0
1426879131.172,-4.0,44.0,48.0
1426879131.203,-4.0,45.0,47.0
1426879131.235,-4.0,44.0,47.0
1426879131.266,-5.0,44.0,48.0
1426879131.297,-4.0,45.0,47.0
1426879131.328,-4.0,45.0,47.0
1426879131.36,-4.0,44.0,48.0
1426879131.391,-4.0,44.0,48.0
1426879131.422,-4.0,44.0,47.0
1426879131.453,-5.0,43.0,47.0
1426879131.485,-4.0,43.0,48.0
1426879131.516,-5.0,44.0,47.0
1426879131.547,-5.0,45.0,48.0
1426879131.578,-4.0,44.0,47.0
1426879131.61,-5.0,44.0,47.0
1426879131.641,-5.0,44.0,47.0
1426879131.672,-5.0,44.0,47.0
1426879131.704,-4.0,44.0,48.0
1426879131.735,-4.0,45.0,48.0
1426879131.766,-4.0,44.0,48.0
1426879131.797,-4.0,44.0,47.0
1426879131.828,-5.0,43.0,47.0
1426879131.86,-5.0,43.0,48.0
1426879131.891,-5.0,43.0,48.0
1426879131.922,-5.0,44.0,48.0
1426879131.954,-5.0,44.0,48.0
1426879131.985,-5.0,43.0,48.0
1426879132.016,-5.0,44.0,48.0
1426879132.047,-5.0,44.0,48.0
1426879132.079,-4.0,44.0,47.0
1426879132.11,-5.0,44.0,48.0
1426879132.141,-5.0,43.0,48.0
1426879132.172,-5.0,44.0,48.0
1426879132.204,-5.0,44.0,47.0
1426879132.235,-5.0,44.0,48.0
1426879132.266,-5.0,43.0,48.0
1426879132.297,-5.0,44.0,48.0
1426879132.329,-5.0,45.0,47.0
1426879132.36,-5.0,44.0,48.0
1426879132.391,-5.0,43.0,48.0
1426879132.422,-5.0,44.0,48.0
1426879132.454,-5.0,45.0,47.0
1426879132.485,-5.0,44.0,48.0
1426879132.516,-5.0,44.0,48.0
1426879132.547,-5.0,44.0,47.0
1426879132.579,-5.0,44.0,48.0
1426879132.61,-5.0,44.0,48.0
1426879132.641,-5.0,44.0,48.0
1426879132.672,-5.0,44.0,48.0
1426879132.704,-5.0,44.0,48.0
1426879132.735,-5.0,44.0,47.0
1426879132.766,-5.0,44.0,48.0
1426879132.797,-5.0,44.0,47.0
1426879132.829,-5.0,44.0,47.0
1426879132.86,-5.0,44.0,48.0
1426879132.891,-5.0,44.0,47.0
1426879132.922,-5.0,44.0,48.0
1426879132.954,-4.0,44.0,48.0
1426879132.985,-5.0,44.0,47.0
1426879133.016,-5.0,44.0,48.0
1426879133.047,-4.0,44.0,48.0
1426879133.079,-5.0,44.0,48.0
1426879133.11,-5.0,44.0,47.0
1426879133.141,-5.0,44.0,48.0
1426879133.172,-5.0,44.0,48.0
1426879133.204,-5.0,44.0,48.0
1426879133.235,-5.0,44.0,47.0
1426879133.266,-5.0,44.0,48.0
1426879133.297,-5.0,44.0,48.0
1426879133.329,-4.0,44.0,47.0
1426879133.36,-4.0,44.0,48.0
1426879133.391,-5.0,44.0,48.0
1426879133.422,-5.0,44.0,47.0
1426879133.454,-5.0,44.0,48.0
1426879133.485,-5.0,44.0,48.0
1426879133.516,-5.0,44.0,48.0
1426879133.547,-5.0,44.0,48.0
1426879133.579,-5.0,44.0,48.0
1426879133.61,-5.0,44.0,48.0
1426879133.641,-5.0,44.0,48.0
1426879133.672,-5.0,44.0,48.0
1426879133.704,-5.0,44.0,48.0
1426879133.735,-5.0,44.0,47.0
1426879133.766,-5.0,44.0,48.0
1426879133.797,-5.0,44.0,47.0
1426879133.829,-5.0,44.0,48.0
1426879133.86,-5.0,44.0,48.0
1426879133.891,-5.0,44.0,47.0
1426879133.922,-5.0,44.0,47.0
1426879133.954,-5.0,44.0,48.0
1426879133.985,-5.0,44.0,48.0
1426879134.016,-5.0,44.0,47.0
1426879134.047,-5.0,44.0,48.0
1426879134.079,-4.0,44.0,48.0
1426879134.11,-5.0,44.0,48.0
1426879134.141,-5.0,44.0,48.0
1426879134.172,-5.0,44.0,47.0
1426879134.204,-5.0,44.0,48.0
1426879134.235,-5.0,44.0,48.0
1426879134.266,-5.0,44.0,48.0
1426879134.297,-4.0,44.0,48.0
1426879134.329,-5.0,44.0,48.0
1426879134.36,-5.0,44.0,48.0
1426879134.391,-5.0,44.0,48.0
1426879134.422,-5.0,43.0,48.0
1426879134.454,-5.0,44.0,48.0
1426879134.485,-5.0,44.0,47.0
1426879134.516,-5.0,44.0,48.0
1426879134.547,-5.0,44.0,48.0
1426879134.579,-5.0,44.0,48.0
1426879134.61,-5.0,44.0,48.0
1426879134.641,-5.0,44.0,48.0
1426879134.672,-5.0,44.0,48.0
1426879134.704,-5.0,44.0,48.0
1426879134.735,-5.0,44.0,48.0
1426879134.766,-5.0,44.0,48.0
1426879134.797,-5.0,44.0,48.0
1426879134.829,-5.0,44.0,48.0
1426879134.86,-5.0,44.0,48.0
1426879134.891,-4.0,44.0,48.0
1426879134.922,-5.0,44.0,48.0
1426879134.954,-5.0,44.0,48.0
1426879134.985,-5.0,43.0,49.0
1426879135.016,-5.0,44.0,48.0
1426879135.047,-4.0,45.0,47.0
1426879135.079,-5.0,44.0,48.0
1426879135.11,-5.0,43.0,48.0
1426879135.141,-5.0,44.0,48.0
1426879135.172,-5.0,44.0,48.0
1426879135.204,-5.0,43.0,48.0
1426879135.235,-4.0,44.0,48.0
1426879135.266,-5.0,44.0,48.0
1426879135.297,-5.0,43.0,48.0
1426879135.329,-5.0,43.0,48.0
1426879135.36,-5.0,44.0,48.0
1426879135.391,-4.0,45.0,48.0
1426879135.422,-5.0,43.0,48.0
1426879135.454,-5.0,43.0,48.0
1426879135.485,-4.0,44.0,48.0
1426879135.516,-5.0,44.0,48.0
1426879135.547,-5.0,43.0,48.0
1426879135.579,-4.0,44.0,48.0
1426879135.61,-5.0,44.0,48.0
1426879135.641,-5.0,44.0,48.0
1426879135.672,-5.0,44.0,48.0
1426879135.704,-5.0,44.0,48.0
1426879135.735,-5.0,43.0,48.0
1426879135.766,-5.0,44.0,48.0
1426879135.797,-5.0,44.0,47.0
1426879135.829,-5.0,44.0,48.0
1426879135.86,-5.0,43.0,49.0
1426879135.891,-5.0,44.0,48.0
1426879135.922,-5.0,44.0,48.0
1426879135.954,-5.0,43.0,48.0
1426879135.985,-5.0,43.0,48.0
1426879136.016,-5.0,44.0,48.0
1426879136.047,-5.0,44.0,48.0
1426879136.079,-4.0,44.0,48.0
1426879136.11,-5.0,44.0,48.0
1426879136.141,-5.0,44.0,48.0
1426879136.172,-5.0,44.0,48.0
1426879136.204,-5.0,44.0,48.0
1426879136.235,-4.0,44.0,48.0
1426879136.266,-5.0,44.0,48.0
1426879136.297,-5.0,43.0,48.0
1426879136.329,-4.0,44.0,48.0
1426879136.36,-5.0,44.0,48.0
1426879136.391,-5.0,44.0,48.0
1426879136.422,-4.0,44.0,48.0
1426879136.454,-5.0,44.0,48.0
1426879136.485,-5.0,43.0,48.0
1426879136.516,-5.0,44.0,48.0
1426879136.547,-5.0,44.0,48.0
1426879136.579,-5.0,44.0,48.0
1426879136.61,-5.0,43.0,48.0
1426879136.641,-4.0,44.0,48.0
1426879136.672,-5.0,44.0,48.0
1426879136.704,-5.0,43.0,48.0
1426879136.735,-5.0,43.0,48.0
1426879136.766,-5.0,44.0,48.0
1426879136.797,-5.0,45.0,47.0
1426879136.829,-5.0,44.0,48.0
1426879136.86,-4.0,43.0,49.0
1426879136.891,-5.0,44.0,48.0
1426879136.922,-5.0,44.0,48.0
1426879136.954,-5.0,43.0,48.0
1426879136.985,-4.0,44.0,48.0
1426879137.016,-5.0,44.0,48.0
1426879137.047,-5.0,43.0,48.0
1426879137.079,-5.0,44.0,48.0
1426879137.11,-5.0,44.0,48.0
1426879137.141,-5.0,42.0,48.0
1426879137.172,-5.0,43.0,49.0
1426879137.204,-4.0,45.0,47.0
1426879137.235,-4.0,46.0,47.0
1426879137.266,-4.0,44.0,48.0
1426879137.298,-4.0,43.0,48.0
1426879137.329,-5.0,44.0,47.0
1426879137.36,-4.0,44.0,47.0
1426879137.391,-5.0,44.0,47.0
1426879137.423,-5.0,44.0,47.0
1426879137.454,-4.0,44.0,48.0
1426879137.485,-5.0,44.0,47.0
1426879137.516,-5.0,44.0,47.0
1426879137.548,-4.0,44.0,47.0
1426879137.579,-5.0,44.0,48.0
1426879137.61,-4.0,44.0,48.0
1426879137.641,-5.0,44.0,47.0
1426879137.673,-5.0,44.0,48.0
1426879137.704,-5.0,44.0,47.0
1426879137.735,-5.0,44.0,47.0
1426879137.766,-4.0,44.0,48.0
1426879137.798,-5.0,44.0,47.0
1426879137.829,-5.0,43.0,48.0
1426879137.86,-5.0,44.0,48.0
1426879137.891,-5.0,44.0,47.0
1426879137.923,-5.0,44.0,48.0
1426879137.954,-4.0,44.0,47.0
1426879137.985,-5.0,45.0,47.0
1426879138.016,-5.0,44.0,48.0
1426879138.048,-4.0,44.0,48.0
1426879138.079,-4.0,45.0,47.0
1426879138.11,-5.0,44.0,48.0
1426879138.141,-4.0,44.0,48.0
1426879138.173,-4.0,44.0,48.0
1426879138.204,-5.0,44.0,48.0
1426879138.235,-5.0,44.0,48.0
1426879138.266,-4.0,44.0,48.0
1426879138.298,-5.0,44.0,48.0
1426879138.329,-5.0,44.0,48.0
1426879138.36,-5.0,44.0,47.0
1426879138.391,-5.0,44.0,48.0
1426879138.423,-5.0,44.0,48.0
1426879138.454,-5.0,44.0,48.0
1426879138.485,-4.0,44.0,48.0
1426879138.516,-5.0,44.0,48.0
1426879138.548,-5.0,44.0,48.0
1426879138.579,-5.0,44.0,48.0
1426879138.61,-5.0,44.0,48.0
1426879138.641,-5.0,44.0,47.0
1426879138.673,-5.0,44.0,47.0
1426879138.704,-4.0,44.0,48.0
1426879138.735,-4.0,44.0,48.0
1426879138.766,-4.0,44.0,48.0
1426879138.798,-5.0,44.0,48.0
1426879138.829,-5.0,44.0,48.0
1426879138.86,-5.0,44.0,47.0
1426879138.891,-5.0,44.0,48.0
1426879138.923,-5.0,44.0,48.0
1426879138.954,-5.0,44.0,48.0
1426879138.985,-5.0,44.0,48.0
1426879139.016,-5.0,43.0,48.0
1426879139.048,-4.0,44.0,47.0
1426879139.079,-5.0,44.0,48.0
1426879139.11,-4.0,44.0,48.0
1426879139.141,-4.0,44.0,48.0
1426879139.173,-5.0,44.0,48.0
1426879139.204,-5.0,44.0,48.0
1426879139.235,-5.0,44.0,48.0
1426879139.266,-4.0,44.0,48.0
1426879139.298,-5.0,44.0,48.0
1426879139.329,-5.0,44.0,48.0
1426879139.36,-4.0,44.0,48.0
1426879139.391,-5.0,44.0,47.0
1426879139.423,-5.0,43.0,48.0
1426879139.454,-5.0,44.0,48.0
1426879139.485,-5.0,44.0,48.0
1426879139.516,-5.0,44.0,48.0
1426879139.548,-5.0,44.0,48.0
1426879139.579,-5.0,44.0,48.0
1426879139.61,-5.0,44.0,48.0
1426879139.641,-4.0,44.0,48.0
1426879139.673,-5.0,44.0,48.0
1426879139.704,-5.0,44.0,48.0
1426879139.735,-4.0,44.0,48.0
1426879139.766,-5.0,44.0,48.0
1426879139.798,-4.0,44.0,48.0
1426879139.829,-5.0,44.0,48.0
1426879139.86,-5.0,44.0,48.0
1426879139.891,-4.0,43.0,48.0
1426879139.923,-5.0,44.0,48.0
1426879139.954,-5.0,44.0,48.0
1426879139.985,-5.0,44.0,49.0
1426879140.016,-5.0,44.0,48.0
1426879140.048,-5.0,44.0,48.0
1426879140.079,-5.0,43.0,47.0
1426879140.11,-5.0,43.0,48.0
1426879140.141,-4.0,43.0,49.0
1426879140.173,-5.0,44.0,48.0
1426879140.204,-5.0,44.0,48.0
1426879140.235,-5.0,43.0,48.0
1426879140.266,-5.0,43.0,49.0
1426879140.298,-5.0,44.0,48.0
1426879140.329,-5.0,44.0,48.0
1426879140.36,-4.0,43.0,49.0
1426879140.391,-5.0,43.0,49.0
1426879140.423,-5.0,44.0,48.0
1426879140.454,-5.0,44.0,48.0
1426879140.485,-5.0,43.0,49.0
1426879140.516,-5.0,44.0,48.0
1426879140.548,-5.0,44.0,48.0
1426879140.579,-5.0,43.0,49.0
1426879140.61,-5.0,44.0,48.0
1426879140.641,-5.0,44.0,48.0
1426879140.673,-5.0,44.0,49.0
1426879140.704,-5.0,43.0,48.0
1426879140.735,-4.0,43.0,48.0
1426879140.766,-5.0,44.0,48.0
1426879140.798,-5.0,44.0,48.0
1426879140.829,-5.0,44.0,49.0
1426879140.86,-5.0,42.0,48.0
1426879140.891,-5.0,43.0,49.0
1426879140.923,-4.0,43.0,48.0
1426879140.954,-5.0,44.0,48.0
1426879140.985,-5.0,43.0,49.0
1426879141.016,-5.0,43.0,48.0
1426879141.048,-5.0,44.0,48.0
1426879141.079,-5.0,44.0,49.0
1426879141.11,-5.0,43.0,48.0
1426879141.141,-5.0,43.0,48.0
1426879141.173,-5.0,43.0,48.0
1426879141.204,-5.0,43.0,49.0
1426879141.235,-5.0,43.0,49.0
1426879141.266,-5.0,43.0,48.0
1426879141.298,-5.0,43.0,48.0
1426879141.329,-5.0,43.0,48.0
1426879141.36,-5.0,43.0,49.0
1426879141.391,-5.0,43.0,49.0
1426879141.423,-4.0,44.0,49.0
1426879141.454,-5.0,44.0,49.0
1426879141.485,-5.0,43.0,49.0
1426879141.516,-5.0,43.0,49.0
1426879141.548,-5.0,44.0,48.0
1426879141.579,-5.0,43.0,48.0
1426879141.61,-5.0,43.0,49.0
1426879141.641,-5.0,43.0,48.0
1426879141.673,-5.0,43.0,48.0
1426879141.704,-5.0,43.0,48.0
1426879141.735,-5.0,43.0,48.0
1426879141.766,-5.0,44.0,48.0
1426879141.798,-5.0,43.0,48.0
1426879141.829,-4.0,43.0,49.0
1426879141.86,-5.0,43.0,48.0
1426879141.891,-5.0,43.0,49.0
1426879141.923,-5.0,43.0,49.0
1426879141.954,-5.0,43.0,48.0
1426879141.985,-4.0,43.0,49.0
1426879142.016,-5.0,43.0,49.0
1426879142.048,-4.0,43.0,48.0
1426879142.079,-5.0,43.0,48.0
1426879142.11,-5.0,43.0,49.0
1426879142.141,-4.0,44.0,49.0
1426879142.173,-5.0,44.0,48.0
1426879142.204,-5.0,44.0,48.0
1426879142.235,-5.0,43.0,49.0
1426879142.266,-5.0,43.0,48.0
1426879142.298,-5.0,43.0,49.0
1426879142.329,-5.0,43.0,49.0
1426879142.36,-5.0,43.0,48.0
1426879142.391,-5.0,44.0,49.0
1426879142.423,-4.0,43.0,49.0
1426879142.454,-5.0,43.0,48.0
1426879142.485,-5.0,43.0,49.0
1426879142.516,-5.0,43.0,48.0
1426879142.548,-5.0,43.0,48.0
1426879142.579,-5.0,43.0,49.0
1426879142.61,-5.0,43.0,49.0
1426879142.642,-5.0,43.0,49.0
1426879142.673,-4.0,43.0,49.0
1426879142.704,-5.0,43.0,49.0
1426879142.735,-5.0,43.0,49.0
1426879142.766,-5.0,44.0,48.0
1426879142.798,-5.0,43.0,49.0
1426879142.829,-5.0,42.0,49.0
1426879142.86,-5.0,43.0,49.0
1426879142.892,-5.0,43.0,48.0
1426879142.923,-5.0,43.0,49.0
1426879142.954,-5.0,43.0,49.0
1426879142.985,-5.0,44.0,48.0
1426879143.017,-5.0,43.0,49.0
1426879143.048,-5.0,43.0,48.0
1426879143.079,-4.0,43.0,49.0
1426879143.11,-5.0,43.0,48.0
1426879143.142,-5.0,43.0,49.0
1426879143.173,-5.0,42.0,49.0
1426879143.204,-5.0,42.0,49.0
1426879143.235,-5.0,44.0,48.0
1426879143.267,-5.0,42.0,48.0
1426879143.298,-5.0,42.0,49.0
1426879143.329,-4.0,42.0,50.0
1426879143.36,-4.0,43.0,48.0
1426879143.392,-5.0,45.0,48.0
1426879143.423,-6.0,45.0,48.0
1426879143.454,-5.0,41.0,50.0
1426879143.485,-4.0,40.0,51.0
1426879143.517,-5.0,42.0,49.0
1426879143.548,-4.0,44.0,48.0
1426879143.579,-4.0,43.0,48.0
1426879143.61,-5.0,42.0,50.0
1426879143.642,-5.0,42.0,49.0
1426879143.673,-5.0,44.0,49.0
1426879143.704,-6.0,45.0,47.0
1426879143.735,-6.0,44.0,48.0
1426879143.767,-5.0,41.0,50.0
1426879143.798,-4.0,42.0,49.0
1426879143.829,-4.0,43.0,49.0
1426879143.86,-5.0,42.0,49.0
1426879143.892,-5.0,42.0,50.0
1426879143.923,-5.0,44.0,49.0
1426879143.954,-5.0,43.0,49.0
1426879143.985,-5.0,43.0,49.0
1426879144.017,-6.0,43.0,49.0
1426879144.048,-5.0,43.0,49.0
1426879144.079,-5.0,42.0,49.0
1426879144.11,-5.0,44.0,49.0
1426879144.142,-5.0,42.0,48.0
1426879144.173,-5.0,43.0,48.0
1426879144.204,-5.0,43.0,49.0
1426879144.235,-5.0,43.0,48.0
1426879144.267,-5.0,43.0,49.0
1426879144.298,-5.0,44.0,49.0
1426879144.329,-5.0,44.0,49.0
1426879144.36,-5.0,43.0,49.0
1426879144.392,-5.0,43.0,49.0
1426879144.423,-5.0,43.0,49.0
1426879144.454,-5.0,43.0,49.0
1426879144.485,-5.0,43.0,49.0
1426879144.517,-5.0,42.0,49.0
1426879144.548,-5.0,42.0,49.0
1426879144.579,-5.0,43.0,49.0
1426879144.61,-5.0,43.0,49.0
1426879144.642,-5.0,43.0,49.0
1426879144.673,-5.0,42.0,49.0
1426879144.704,-5.0,43.0,49.0
1426879144.735,-5.0,43.0,48.0
1426879144.767,-5.0,43.0,49.0
1426879144.798,-5.0,43.0,49.0
1426879144.829,-5.0,43.0,49.0
1426879144.86,-5.0,44.0,49.0
1426879144.892,-5.0,44.0,49.0
1426879144.923,-5.0,42.0,49.0
1426879144.954,-5.0,41.0,49.0
1426879144.985,-5.0,44.0,48.0
1426879145.017,-5.0,44.0,48.0
1426879145.048,-5.0,42.0,49.0
1426879145.079,-5.0,42.0,49.0
1426879145.11,-5.0,43.0,49.0
1426879145.142,-5.0,44.0,48.0
1426879145.173,-5.0,42.0,49.0
1426879145.204,-5.0,42.0,50.0
1426879145.235,-5.0,44.0,48.0
1426879145.267,-5.0,43.0,49.0
1426879145.298,-5.0,43.0,49.0
1426879145.329,-5.0,42.0,49.0
1426879145.36,-5.0,42.0,49.0
1426879145.392,-5.0,43.0,49.0
1426879145.423,-5.0,43.0,49.0
1426879145.454,-5.0,42.0,49.0
1426879145.485,-5.0,43.0,49.0
1426879145.517,-5.0,43.0,49.0
1426879145.548,-5.0,42.0,49.0
1426879145.579,-5.0,43.0,49.0
1426879145.61,-5.0,43.0,49.0
1426879145.642,-5.0,43.0,49.0
1426879145.673,-5.0,43.0,49.0
1426879145.704,-5.0,43.0,49.0
1426879145.735,-5.0,43.0,49.0
1426879145.767,-5.0,43.0,49.0
1426879145.798,-5.0,43.0,48.0
1426879145.829,-5.0,42.0,49.0
1426879145.86,-5.0,43.0,49.0
1426879145.892,-5.0,43.0,49.0
1426879145.923,-5.0,43.0,49.0
1426879145.954,-5.0,42.0,49.0
1426879145.985,-5.0,43.0,49.0
1426879146.017,-5.0,43.0,49.0
1426879146.048,-5.0,43.0,49.0
1426879146.079,-5.0,43.0,49.0
1426879146.11,-5.0,44.0,48.0
1426879146.142,-5.0,43.0,48.0
1426879146.173,-5.0,42.0,49.0
1426879146.204,-5.0,43.0,49.0
1426879146.235,-5.0,42.0,49.0
1426879146.267,-5.0,43.0,49.0
1426879146.298,-5.0,42.0,49.0
1426879146.329,-5.0,42.0,49.0
1426879146.36,-5.0,44.0,48.0
1426879146.392,-5.0,44.0,49.0
1426879146.423,-5.0,43.0,48.0
1426879146.454,-5.0,43.0,49.0
1426879146.485,-5.0,44.0,48.0
1426879146.517,-5.0,43.0,49.0
1426879146.548,-5.0,42.0,49.0
1426879146.579,-5.0,43.0,49.0
1426879146.61,-5.0,44.0,48.0
1426879146.642,-5.0,43.0,49.0
1426879146.673,-5.0,42.0,49.0
1426879146.704,-5.0,43.0,49.0
1426879146.735,-5.0,43.0,49.0
1426879146.767,-5.0,43.0,49.0
1426879146.798,-5.0,43.0,49.0
1426879146.829,-5.0,43.0,49.0
1426879146.86,-5.0,43.0,49.0
1426879146.892,-5.0,43.0,49.0
1426879146.923,-5.0,43.0,49.0
1426879146.954,-5.0,43.0,49.0
1426879146.985,-5.0,42.0,49.0
1426879147.017,-5.0,43.0,49.0
1426879147.048,-5.0,43.0,49.0
1426879147.079,-5.0,43.0,49.0
1426879147.11,-5.0,43.0,49.0
1426879147.142,-5.0,43.0,49.0
1426879147.173,-5.0,43.0,49.0
1426879147.204,-5.0,43.0,49.0
1426879147.235,-6.0,43.0,49.0
1426879147.267,-5.0,42.0,49.0
1426879147.298,-5.0,43.0,49.0
1426879147.329,-5.0,42.0,49.0
1426879147.36,-5.0,42.0,49.0
1426879147.392,-5.0,43.0,49.0
1426879147.423,-5.0,43.0,49.0
1426879147.454,-5.0,43.0,49.0
1426879147.485,-5.0,42.0,49.0
1426879147.517,-5.0,43.0,49.0
1426879147.548,-5.0,43.0,48.0
1426879147.579,-5.0,42.0,49.0
1426879147.61,-5.0,42.0,49.0
1426879147.642,-5.0,43.0,49.0
1426879147.673,-5.0,42.0,49.0
1426879147.704,-5.0,42.0,50.0
1426879147.735,-5.0,43.0,49.0
1426879147.767,-5.0,43.0,49.0
1426879147.798,-6.0,42.0,49.0
1426879147.829,-5.0,43.0,49.0
1426879147.86,-5.0,43.0,49.0
1426879147.892,-5.0,42.0,49.0
1426879147.923,-5.0,43.0,49.0
1426879147.954,-5.0,44.0,49.0
1426879147.985,-5.0,43.0,49.0
1426879148.017,-5.0,42.0,49.0
1426879148.048,-5.0,43.0,49.0
1426879148.079,-5.0,44.0,48.0
1426879148.11,-5.0,42.0,50.0
1426879148.142,-5.0,42.0,49.0
1426879148.173,-5.0,44.0,49.0
1426879148.204,-5.0,43.0,49.0
1426879148.236,-5.0,42.0,49.0
1426879148.267,-5.0,43.0,49.0
1426879148.298,-5.0,44.0,49.0
1426879148.329,-5.0,42.0,49.0
1426879148.361,-5.0,43.0,49.0
1426879148.392,-5.0,43.0,49.0
1426879148.423,-5.0,43.0,49.0
1426879148.454,-5.0,43.0,49.0
1426879148.486,-5.0,43.0,49.0
1426879148.517,-5.0,43.0,49.0
1426879148.548,-5.0,42.0,49.0
1426879148.579,-5.0,43.0,49.0
1426879148.611,-5.0,43.0,49.0
1426879148.642,-5.0,43.0,49.0
1426879148.673,-5.0,42.0,49.0
1426879148.704,-5.0,43.0,49.0
1426879148.736,-5.0,43.0,49.0
1426879148.767,-5.0,43.0,49.0
1426879148.798,-5.0,43.0,49.0
1426879148.829,-5.0,43.0,49.0
1426879148.861,-5.0,43.0,49.0
1426879148.892,-5.0,43.0,49.0
1426879148.923,-5.0,43.0,49.0
1426879148.954,-5.0,43.0,49.0
1426879148.986,-5.0,43.0,49.0
1426879149.017,-5.0,43.0,49.0
1426879149.048,-5.0,43.0,49.0
1426879149.079,-5.0,43.0,49.0
1426879149.111,-5.0,42.0,49.0
1426879149.142,-5.0,43.0,49.0
1426879149.173,-5.0,43.0,49.0
1426879149.204,-5.0,42.0,49.0
1426879149.236,-5.0,43.0,49.0
1426879149.267,-5.0,43.0,49.0
1426879149.298,-5.0,43.0,49.0
1426879149.329,-5.0,43.0,49.0
1426879149.361,-5.0,43.0,49.0
1426879149.392,-5.0,43.0,49.0
1426879149.423,-5.0,43.0,49.0
1426879149.454,-5.0,43.0,49.0
1426879149.486,-5.0,43.0,49.0
1426879149.517,-5.0,42.0,49.0
1426879149.548,-5.0,43.0,49.0
1426879149.579,-5.0,43.0,49.0
1426879149.611,-5.0,43.0,49.0
1426879149.642,-5.0,42.0,49.0
1426879149.673,-5.0,43.0,49.0
1426879149.704,-5.0,43.0,49.0
1426879149.736,-5.0,43.0,49.0
1426879149.767,-5.0,42.0,49.0
1426879149.798,-5.0,43.0,49.0
1426879149.829,-5.0,43.0,49.0
1426879149.861,-5.0,42.0,49.0
1426879149.892,-5.0,43.0,49.0
1426879149.923,-5.0,43.0,49.0
1426879149.954,-5.0,43.0,49.0
1426879149.986,-5.0,43.0,49.0
1426879150.017,-5.0,43.0,49.0
1426879150.048,-5.0,43.0,49.0
1426879150.079,-5.0,43.0,49.0
1426879150.111,-5.0,43.0,49.0
1426879150.142,-5.0,42.0,49.0
1426879150.173,-5.0,43.0,49.0
1426879150.204,-5.0,43.0,49.0
1426879150.236,-5.0,42.0,49.0
1426879150.267,-5.0,43.0,49.0
1426879150.298,-5.0,43.0,49.0
1426879150.329,-5.0,42.0,49.0
1426879150.361,-5.0,42.0,49.0
1426879150.392,-5.0,43.0,49.0
1426879150.423,-5.0,43.0,49.0
1426879150.454,-5.0,42.0,49.0
1426879150.486,-5.0,43.0,49.0
1426879150.517,-5.0,43.0,49.0
1426879150.548,-5.0,43.0,49.0
1426879150.579,-5.0,42.0,49.0
1426879150.611,-5.0,43.0,49.0
1426879150.642,-5.0,43.0,49.0
1426879150.673,-5.0,43.0,49.0
1426879150.704,-5.0,42.0,49.0
1426879150.736,-5.0,43.0,49.0
1426879150.767,-5.0,42.0,49.0
1426879150.798,-5.0,42.0,49.0
1426879150.829,-5.0,43.0,49.0
1426879150.861,-5.0,43.0,49.0
1426879150.892,-5.0,43.0,49.0
1426879150.923,-5.0,43.0,49.0
1426879150.954,-5.0,42.0,49.0
1426879150.986,-5.0,43.0,49.0
1426879151.017,-5.0,43.0,49.0
1426879151.048,-5.0,42.0,49.0
1426879151.079,-5.0,42.0,49.0
1426879151.111,-5.0,43.0,49.0
1426879151.142,-5.0,43.0,49.0
1426879151.173,-5.0,42.0,49.0
1426879151.204,-5.0,43.0,49.0
1426879151.236,-5.0,43.0,49.0
1426879151.267,-5.0,42.0,49.0
1426879151.298,-5.0,43.0,49.0
1426879151.329,-5.0,43.0,49.0
1426879151.361,-5.0,42.0,49.0
1426879151.392,-5.0,43.0,49.0
1426879151.423,-5.0,42.0,49.0
1426879151.454,-5.0,43.0,49.0
1426879151.486,-5.0,43.0,49.0
1426879151.517,-5.0,43.0,49.0
1426879151.548,-5.0,42.0,49.0
1426879151.579,-5.0,42.0,49.0
1426879151.611,-5.0,43.0,49.0
1426879151.642,-5.0,42.0,49.0
1426879151.673,-5.0,42.0,49.0
1426879151.704,-5.0,42.0,49.0
1426879151.736,-5.0,43.0,49.0
1426879151.767,-5.0,42.0,49.0
1426879151.798,-5.0,42.0,49.0
1426879151.829,-5.0,43.0,49.0
1426879151.861,-5.0,43.0,49.0
1426879151.892,-5.0,42.0,49.0
1426879151.923,-5.0,43.0,49.0
1426879151.954,-5.0,43.0,49.0
1426879151.986,-5.0,42.0,49.0
1426879152.017,-5.0,43.0,49.0
1426879152.048,-5.0,42.0,49.0
1426879152.079,-5.0,42.0,49.0
1426879152.111,-5.0,42.0,49.0
1426879152.142,-5.0,43.0,49.0
1426879152.173,-5.0,42.0,49.0
1426879152.204,-5.0,42.0,49.0
1426879152.236,-5.0,43.0,49.0
1426879152.267,-5.0,43.0,49.0
1426879152.298,-5.0,42.0,49.0
1426879152.329,-5.0,43.0,49.0
1426879152.361,-5.0,43.0,49.0
1426879152.392,-5.0,42.0,49.0
1426879152.423,-5.0,42.0,49.0
1426879152.454,-5.0,42.0,49.0
1426879152.486,-5.0,42.0,49.0
1426879152.517,-5.0,42.0,49.0
1426879152.548,-5.0,43.0,49.0
1426879152.579,-5.0,42.0,49.0
1426879152.611,-5.0,42.0,49.0
1426879152.642,-5.0,43.0,49.0
1426879152.673,-5.0,42.0,49.0
1426879152.704,-5.0,42.0,49.0
1426879152.736,-5.0,43.0,49.0
1426879152.767,-5.0,43.0,49.0
1426879152.798,-5.0,43.0,49.0
1426879152.829,-5.0,42.0,49.0
1426879152.861,-5.0,43.0,49.0
1426879152.892,-5.0,42.0,49.0
1426879152.923,-5.0,42.0,49.0
1426879152.954,-5.0,42.0,49.0
1426879152.986,-5.0,42.0,49.0
1426879153.017,-5.0,42.0,49.0
1426879153.048,-5.0,42.0,49.0
1426879153.079,-5.0,42.0,49.0
1426879153.111,-5.0,43.0,49.0
1426879153.142,-5.0,43.0,49.0
1426879153.173,-5.0,42.0,49.0
1426879153.204,-5.0,42.0,49.0
1426879153.236,-5.0,43.0,49.0
1426879153.267,-5.0,42.0,49.0
1426879153.298,-5.0,43.0,49.0
1426879153.329,-5.0,43.0,49.0
1426879153.361,-5.0,42.0,49.0
1426879153.392,-5.0,43.0,49.0
1426879153.423,-5.0,43.0,49.0
1426879153.454,-5.0,43.0,49.0
1426879153.486,-5.0,43.0,49.0
1426879153.517,-5.0,43.0,49.0
1426879153.548,-5.0,42.0,49.0
1426879153.58,-5.0,43.0,49.0
1426879153.611,-5.0,42.0,49.0
1426879153.642,-5.0,43.0,49.0
1426879153.673,-5.0,42.0,49.0
1426879153.704,-5.0,43.0,49.0
1426879153.736,-5.0,43.0,49.0
1426879153.767,-5.0,42.0,49.0
1426879153.798,-5.0,43.0,49.0
1426879153.83,-5.0,43.0,49.0
1426879153.861,-5.0,43.0,49.0
1426879153.892,-5.0,42.0,49.0
1426879153.923,-5.0,43.0,49.0
1426879153.955,-5.0,43.0,49.0
1426879153.986,-5.0,43.0,49.0
1426879154.017,-5.0,42.0,49.0
1426879154.048,-5.0,43.0,49.0
1426879154.08,-5.0,43.0,49.0
1426879154.111,-5.0,42.0,49.0
1426879154.142,-5.0,42.0,49.0
1426879154.173,-5.0,43.0,49.0
1426879154.205,-5.0,43.0,49.0
1426879154.236,-5.0,43.0,49.0
1426879154.267,-5.0,43.0,49.0
1426879154.298,-5.0,43.0,49.0
1426879154.33,-5.0,43.0,49.0
1426879154.361,-5.0,43.0,49.0
1426879154.392,-5.0,42.0,49.0
1426879154.423,-5.0,42.0,49.0
1426879154.455,-5.0,43.0,49.0
1426879154.486,-5.0,42.0,49.0
1426879154.517,-5.0,42.0,49.0
1426879154.548,-5.0,42.0,49.0
1426879154.58,-5.0,42.0,49.0
1426879154.611,-5.0,42.0,49.0
1426879154.642,-5.0,42.0,49.0
1426879154.673,-5.0,43.0,49.0
1426879154.705,-5.0,42.0,49.0
1426879154.736,-5.0,43.0,49.0
1426879154.767,-5.0,43.0,49.0
1426879154.798,-5.0,42.0,49.0
1426879154.83,-5.0,42.0,49.0
1426879154.861,-5.0,42.0,49.0
1426879154.892,-5.0,43.0,49.0
1426879154.923,-5.0,43.0,49.0
1426879154.955,-5.0,43.0,49.0
1426879154.986,-5.0,43.0,49.0
1426879155.017,-5.0,43.0,49.0
1426879155.048,-5.0,43.0,49.0
1426879155.08,-5.0,43.0,49.0
1426879155.111,-5.0,42.0,49.0
1426879155.142,-5.0,43.0,49.0
1426879155.173,-5.0,42.0,49.0
1426879155.205,-5.0,43.0,49.0
1426879155.236,-5.0,43.0,49.0
1426879155.267,-5.0,43.0,49.0
1426879155.298,-5.0,42.0,49.0
1426879155.33,-5.0,42.0,50.0
1426879155.361,-5.0,43.0,49.0
1426879155.392,-5.0,43.0,49.0
1426879155.423,-5.0,43.0,49.0
1426879155.455,-5.0,43.0,49.0
1426879155.486,-5.0,42.0,49.0
1426879155.517,-5.0,42.0,49.0
1426879155.548,-5.0,43.0,49.0
1426879155.58,-5.0,43.0,49.0
1426879155.611,-5.0,42.0,49.0
1426879155.642,-5.0,42.0,49.0
1426879155.673,-5.0,43.0,49.0
1426879155.705,-5.0,42.0,49.0
1426879155.736,-5.0,42.0,49.0
1426879155.767,-5.0,43.0,49.0
1426879155.798,-5.0,43.0,49.0
1426879155.83,-5.0,42.0,49.0
1426879155.861,-5.0,43.0,49.0
1426879155.892,-5.0,44.0,49.0
1426879155.923,-5.0,41.0,49.0
1426879155.955,-5.0,42.0,50.0
1426879155.986,-6.0,41.0,50.0
1426879156.017,-5.0,42.0,50.0
1426879156.048,-4.0,42.0,50.0
1426879156.08,-5.0,42.0,50.0
1426879156.111,-5.0,42.0,50.0
1426879156.142,-5.0,43.0,49.0
1426879156.173,-6.0,43.0,49.0
1426879156.205,-5.0,44.0,49.0
1426879156.236,-4.0,44.0,49.0
1426879156.267,-4.0,44.0,48.0
1426879156.298,-5.0,39.0,51.0
1426879156.33,-5.0,40.0,50.0
1426879156.361,-6.0,44.0,49.0
1426879156.392,-6.0,46.0,49.0
1426879156.423,-6.0,41.0,44.0
1426879156.455,-4.0,41.0,51.0
1426879156.486,-5.0,42.0,50.0
1426879156.517,-6.0,43.0,49.0
1426879156.548,-5.0,41.0,50.0
1426879156.58,-5.0,41.0,50.0
1426879156.611,-5.0,44.0,48.0
1426879156.642,-6.0,44.0,49.0
1426879156.673,-6.0,43.0,49.0
1426879156.705,-6.0,41.0,50.0
1426879156.736,-6.0,43.0,49.0
1426879156.767,-6.0,44.0,48.0
1426879156.798,-6.0,42.0,50.0
1426879156.83,-5.0,42.0,50.0
1426879156.861,-5.0,42.0,49.0
1426879156.892,-5.0,43.0,49.0
1426879156.923,-6.0,42.0,49.0
1426879156.955,-5.0,43.0,49.0
1426879156.986,-5.0,43.0,49.0
1426879157.017,-6.0,41.0,49.0
1426879157.048,-5.0,43.0,49.0
1426879157.08,-5.0,43.0,48.0
1426879157.111,-6.0,43.0,49.0
1426879157.142,-6.0,42.0,50.0
1426879157.173,-6.0,42.0,49.0
1426879157.205,-5.0,43.0,49.0
1426879157.236,-6.0,42.0,49.0
1426879157.267,-5.0,42.0,49.0
1426879157.298,-6.0,43.0,49.0
1426879157.33,-6.0,43.0,49.0
1426879157.361,-6.0,42.0,49.0
1426879157.392,-5.0,43.0,49.0
1426879157.423,-5.0,43.0,49.0
1426879157.455,-6.0,42.0,49.0
1426879157.486,-6.0,42.0,49.0
1426879157.517,-5.0,43.0,49.0
1426879157.548,-5.0,43.0,49.0
1426879157.58,-6.0,43.0,49.0
1426879157.611,-5.0,42.0,49.0
1426879157.642,-6.0,43.0,49.0
1426879157.673,-6.0,42.0,49.0
1426879157.705,-6.0,42.0,49.0
1426879157.736,-6.0,44.0,49.0
1426879157.767,-6.0,44.0,49.0
1426879157.798,-6.0,44.0,49.0
1426879157.83,-5.0,41.0,48.0
1426879157.861,-5.0,40.0,49.0
1426879157.892,-6.0,42.0,51.0
1426879157.923,-6.0,43.0,49.0
1426879157.955,-5.0,42.0,48.0
1426879157.986,-5.0,42.0,50.0
1426879158.017,-5.0,44.0,49.0
1426879158.048,-6.0,45.0,49.0
1426879158.08,-5.0,42.0,47.0
1426879158.111,-5.0,41.0,49.0
1426879158.142,-4.0,44.0,50.0
1426879158.173,-6.0,46.0,47.0
1426879158.205,-7.0,44.0,46.0
1426879158.236,-7.0,44.0,49.0
1426879158.267,-5.0,44.0,49.0
1426879158.298,-6.0,45.0,48.0
1426879158.33,-6.0,43.0,46.0
1426879158.361,-4.0,43.0,48.0
1426879158.392,-5.0,43.0,48.0
1426879158.423,-6.0,44.0,47.0
1426879158.455,-5.0,43.0,47.0
1426879158.486,-6.0,44.0,48.0
1426879158.517,-6.0,44.0,48.0
1426879158.548,-6.0,44.0,48.0
1426879158.58,-6.0,43.0,47.0
1426879158.611,-6.0,45.0,48.0
1426879158.642,-4.0,48.0,51.0
1426879158.673,-7.0,45.0,46.0
1426879158.705,-8.0,46.0,47.0
1426879158.736,-8.0,45.0,45.0
1426879158.767,-6.0,44.0,46.0
1426879158.798,-5.0,45.0,46.0
1426879158.83,-4.0,44.0,48.0
1426879158.861,-5.0,44.0,47.0
1426879158.892,-6.0,44.0,46.0
1426879158.923,-7.0,46.0,46.0
1426879158.955,-6.0,47.0,46.0
1426879158.986,-6.0,46.0,46.0
1426879159.017,-6.0,46.0,47.0
1426879159.048,-7.0,46.0,45.0
1426879159.08,-5.0,44.0,46.0
1426879159.111,-5.0,44.0,46.0
1426879159.142,-6.0,46.0,45.0
1426879159.174,-7.0,46.0,45.0
1426879159.205,-6.0,45.0,47.0
1426879159.236,-7.0,46.0,46.0
1426879159.267,-6.0,45.0,46.0
1426879159.299,-6.0,44.0,46.0
1426879159.33,-6.0,45.0,47.0
1426879159.361,-7.0,47.0,45.0
1426879159.392,-4.0,44.0,46.0
1426879159.424,-5.0,44.0,47.0
1426879159.455,-7.0,45.0,46.0
1426879159.486,-6.0,46.0,46.0
1426879159.517,-6.0,46.0,46.0
1426879159.549,-7.0,45.0,45.0
1426879159.58,-5.0,44.0,47.0
1426879159.611,-6.0,45.0,47.0
1426879159.642,-8.0,44.0,46.0
1426879159.674,-7.0,46.0,46.0
1426879159.705,-6.0,47.0,47.0
1426879159.736,-6.0,43.0,47.0
1426879159.767,-6.0,41.0,47.0
1426879159.799,-6.0,44.0,49.0
1426879159.83,-6.0,42.0,48.0
1426879159.861,-6.0,42.0,48.0
1426879159.892,-6.0,44.0,49.0
1426879159.924,-6.0,41.0,48.0
1426879159.955,-5.0,42.0,50.0
1426879159.986,-6.0,44.0,49.0
1426879160.017,-7.0,43.0,48.0
1426879160.049,-6.0,42.0,49.0
1426879160.08,-6.0,42.0,49.0
1426879160.111,-5.0,42.0,49.0
1426879160.142,-6.0,44.0,49.0
1426879160.174,-6.0,44.0,49.0
1426879160.205,-6.0,43.0,48.0
1426879160.236,-5.0,42.0,48.0
1426879160.267,-5.0,43.0,49.0
1426879160.299,-6.0,44.0,49.0
1426879160.33,-7.0,43.0,49.0
1426879160.361,-7.0,43.0,48.0
1426879160.392,-7.0,43.0,49.0
1426879160.424,-6.0,44.0,48.0
1426879160.455,-6.0,42.0,49.0
1426879160.486,-7.0,44.0,48.0
1426879160.517,-7.0,43.0,48.0
1426879160.549,-7.0,43.0,48.0
1426879160.58,-6.0,43.0,49.0
1426879160.611,-6.0,43.0,49.0
1426879160.642,-7.0,42.0,48.0
1426879160.674,-6.0,43.0,49.0
1426879160.705,-6.0,44.0,49.0
1426879160.736,-6.0,42.0,48.0
1426879160.767,-6.0,43.0,49.0
1426879160.799,-7.0,42.0,49.0
1426879160.83,-6.0,43.0,48.0
1426879160.861,-6.0,44.0,49.0
1426879160.892,-6.0,44.0,49.0
1426879160.924,-6.0,42.0,49.0
1426879160.955,-6.0,43.0,49.0
1426879160.986,-6.0,43.0,49.0
1426879161.017,-6.0,43.0,49.0
1426879161.049,-6.0,42.0,49.0
1426879161.08,-6.0,42.0,49.0
1426879161.111,-6.0,42.0,49.0
1426879161.142,-6.0,43.0,49.0
1426879161.174,-6.0,43.0,49.0
1426879161.205,-6.0,43.0,49.0
1426879161.236,-6.0,42.0,49.0
1426879161.267,-6.0,42.0,49.0
1426879161.299,-6.0,43.0,49.0
1426879161.33,-6.0,43.0,49.0
1426879161.361,-6.0,42.0,49.0
1426879161.392,-7.0,41.0,50.0
1426879161.424,-7.0,41.0,49.0
1426879161.455,-6.0,42.0,49.0
1426879161.486,-6.0,42.0,49.0
1426879161.517,-6.0,41.0,49.0
1426879161.549,-6.0,43.0,50.0
1426879161.58,-6.0,43.0,49.0
1426879161.611,-7.0,42.0,49.0
1426879161.642,-7.0,41.0,49.0
1426879161.674,-7.0,41.0,50.0
1426879161.705,-6.0,43.0,49.0
1426879161.736,-6.0,42.0,50.0
1426879161.767,-6.0,42.0,50.0
1426879161.799,-7.0,42.0,49.0
1426879161.83,-7.0,43.0,48.0
1426879161.861,-6.0,42.0,51.0
1426879161.892,-7.0,41.0,48.0
1426879161.924,-6.0,42.0,49.0
1426879161.955,-6.0,43.0,50.0
1426879161.986,-6.0,43.0,50.0
1426879162.017,-6.0,43.0,49.0
1426879162.049,-7.0,42.0,49.0
1426879162.08,-7.0,41.0,51.0
1426879162.111,-7.0,41.0,50.0
1426879162.142,-6.0,43.0,49.0
1426879162.174,-6.0,42.0,49.0
1426879162.205,-6.0,42.0,50.0
1426879162.236,-6.0,42.0,49.0
1426879162.267,-6.0,43.0,49.0
1426879162.299,-7.0,41.0,50.0
1426879162.33,-6.0,42.0,49.0
1426879162.361,-6.0,42.0,50.0
1426879162.392,-7.0,42.0,50.0
1426879162.424,-6.0,42.0,50.0
1426879162.455,-6.0,42.0,50.0
1426879162.486,-7.0,42.0,49.0
1426879162.517,-6.0,42.0,49.0
1426879162.549,-7.0,41.0,49.0
1426879162.58,-6.0,42.0,49.0
1426879162.611,-7.0,42.0,49.0
1426879162.642,-6.0,42.0,49.0
1426879162.674,-7.0,41.0,50.0
1426879162.705,-6.0,42.0,49.0
1426879162.736,-6.0,42.0,49.0
1426879162.767,-7.0,41.0,49.0
1426879162.799,-7.0,41.0,50.0
1426879162.83,-6.0,42.0,49.0
1426879162.861,-7.0,41.0,49.0
1426879162.892,-6.0,42.0,50.0
1426879162.924,-6.0,42.0,49.0
1426879162.955,-6.0,42.0,50.0
1426879162.986,-7.0,42.0,50.0
1426879163.017,-6.0,42.0,49.0
1426879163.049,-6.0,42.0,50.0
1426879163.08,-6.0,42.0,50.0
1426879163.111,-7.0,42.0,49.0
1426879163.142,-6.0,42.0,49.0
1426879163.174,-6.0,42.0,50.0
1426879163.205,-6.0,42.0,50.0
1426879163.236,-6.0,42.0,50.0
1426879163.267,-6.0,42.0,50.0
1426879163.299,-6.0,42.0,50.0
1426879163.33,-7.0,43.0,49.0
1426879163.361,-6.0,41.0,50.0
1426879163.392,-6.0,42.0,49.0
1426879163.424,-6.0,42.0,49.0
1426879163.455,-7.0,42.0,50.0
1426879163.486,-7.0,41.0,49.0
1426879163.517,-6.0,42.0,49.0
1426879163.549,-6.0,42.0,49.0
1426879163.58,-6.0,42.0,49.0
1426879163.611,-6.0,42.0,49.0
1426879163.642,-7.0,42.0,49.0
1426879163.674,-6.0,42.0,49.0
1426879163.705,-7.0,42.0,49.0
1426879163.736,-7.0,42.0,49.0
1426879163.767,-7.0,42.0,49.0
1426879163.799,-6.0,42.0,50.0
1426879163.83,-6.0,42.0,50.0
1426879163.861,-7.0,42.0,49.0
1426879163.892,-6.0,42.0,50.0
1426879163.924,-6.0,42.0,50.0
1426879163.955,-6.0,42.0,49.0
1426879163.986,-6.0,42.0,50.0
1426879164.017,-6.0,42.0,49.0
1426879164.049,-6.0,41.0,50.0
1426879164.08,-6.0,42.0,50.0
1426879164.111,-6.0,42.0,49.0
1426879164.142,-7.0,42.0,49.0
1426879164.174,-7.0,42.0,50.0
1426879164.205,-6.0,42.0,49.0
1426879164.236,-6.0,42.0,50.0
1426879164.267,-7.0,42.0,49.0
1426879164.299,-7.0,42.0,49.0
1426879164.33,-7.0,42.0,50.0
1426879164.361,-6.0,42.0,50.0
1426879164.392,-6.0,42.0,50.0
1426879164.424,-7.0,42.0,50.0
1426879164.455,-6.0,42.0,50.0
1426879164.486,-6.0,42.0,50.0
1426879164.518,-6.0,42.0,50.0
1426879164.549,-6.0,41.0,50.0
1426879164.58,-7.0,42.0,49.0
1426879164.611,-7.0,42.0,50.0
1426879164.643,-6.0,42.0,49.0
1426879164.674,-6.0,42.0,49.0
1426879164.705,-7.0,41.0,49.0
1426879164.736,-6.0,42.0,50.0
1426879164.768,-7.0,42.0,49.0
1426879164.799,-7.0,42.0,50.0
1426879164.83,-7.0,42.0,50.0
1426879164.861,-7.0,42.0,49.0
1426879164.893,-6.0,42.0,49.0
1426879164.924,-7.0,42.0,50.0
1426879164.955,-7.0,42.0,49.0
1426879164.986,-6.0,42.0,50.0
1426879165.018,-7.0,42.0,50.0
1426879165.049,-7.0,42.0,49.0
1426879165.08,-7.0,41.0,50.0
1426879165.111,-7.0,42.0,49.0
1426879165.143,-7.0,42.0,49.0
1426879165.174,-7.0,41.0,50.0
1426879165.205,-6.0,42.0,50.0
1426879165.236,-7.0,42.0,49.0
1426879165.268,-7.0,42.0,49.0
1426879165.299,-7.0,41.0,50.0
1426879165.33,-6.0,41.0,50.0
1426879165.361,-7.0,42.0,49.0
1426879165.393,-7.0,42.0,49.0
1426879165.424,-7.0,42.0,50.0
1426879165.455,-6.0,42.0,49.0
1426879165.486,-7.0,42.0,50.0
1426879165.518,-7.0,42.0,50.0
1426879165.549,-6.0,42.0,49.0
1426879165.58,-7.0,42.0,49.0
1426879165.611,-7.0,41.0,49.0
1426879165.643,-7.0,42.0,50.0
1426879165.674,-6.0,42.0,49.0
1426879165.705,-6.0,42.0,50.0
1426879165.736,-7.0,41.0,50.0
1426879165.768,-7.0,42.0,49.0
1426879165.799,-6.0,42.0,49.0
1426879165.83,-7.0,42.0,50.0
1426879165.861,-7.0,42.0,49.0
1426879165.893,-7.0,42.0,49.0
1426879165.924,-7.0,42.0,49.0
1426879165.955,-6.0,42.0,50.0
1426879165.986,-6.0,42.0,50.0
1426879166.018,-6.0,42.0,50.0
1426879166.049,-7.0,42.0,50.0
1426879166.08,-7.0,42.0,50.0
1426879166.111,-6.0,42.0,50.0
1426879166.143,-7.0,42.0,49.0
1426879166.174,-6.0,42.0,50.0
1426879166.205,-6.0,42.0,50.0
1426879166.236,-6.0,42.0,50.0
1426879166.268,-6.0,42.0,50.0
1426879166.299,-6.0,42.0,50.0
1426879166.33,-6.0,41.0,50.0
1426879166.361,-7.0,42.0,50.0
1426879166.393,-6.0,42.0,49.0
1426879166.424,-6.0,42.0,49.0
1426879166.455,-6.0,41.0,50.0
1426879166.486,-6.0,42.0,49.0
1426879166.518,-6.0,42.0,50.0
1426879166.549,-7.0,41.0,49.0
1426879166.58,-6.0,42.0,50.0
1426879166.611,-6.0,42.0,49.0
1426879166.643,-7.0,42.0,49.0
1426879166.674,-7.0,42.0,49.0
1426879166.705,-7.0,42.0,49.0
1426879166.736,-7.0,42.0,50.0
1426879166.768,-7.0,42.0,49.0
1426879166.799,-7.0,42.0,49.0
1426879166.83,-6.0,42.0,50.0
1426879166.861,-6.0,42.0,49.0
1426879166.893,-7.0,42.0,49.0
1426879166.924,-6.0,42.0,50.0
1426879166.955,-6.0,42.0,50.0
1426879166.986,-6.0,42.0,50.0
1426879167.018,-6.0,42.0,50.0
1426879167.049,-6.0,42.0,50.0
1426879167.08,-6.0,42.0,50.0
1426879167.111,-6.0,42.0,49.0
1426879167.143,-7.0,42.0,49.0
1426879167.174,-6.0,42.0,49.0
1426879167.205,-7.0,42.0,50.0
1426879167.236,-6.0,42.0,50.0
1426879167.268,-7.0,42.0,49.0
1426879167.299,-7.0,42.0,49.0
1426879167.33,-7.0,42.0,49.0
1426879167.361,-6.0,41.0,49.0
1426879167.393,-7.0,42.0,50.0
1426879167.424,-6.0,42.0,49.0
1426879167.455,-7.0,42.0,50.0
1426879167.486,-7.0,42.0,49.0
1426879167.518,-7.0,42.0,50.0
1426879167.549,-7.0,42.0,49.0
1426879167.58,-7.0,42.0,49.0
1426879167.611,-7.0,42.0,49.0
1426879167.643,-6.0,42.0,50.0
1426879167.674,-6.0,42.0,49.0
1426879167.705,-6.0,42.0,50.0
1426879167.736,-7.0,42.0,49.0
1426879167.768,-6.0,41.0,49.0
1426879167.799,-6.0,42.0,49.0
1426879167.83,-7.0,42.0,49.0
1426879167.861,-6.0,41.0,50.0
1426879167.893,-7.0,41.0,50.0
1426879167.924,-7.0,42.0,50.0
1426879167.955,-7.0,42.0,50.0
1426879167.986,-7.0,42.0,49.0
1426879168.018,-7.0,42.0,50.0
1426879168.049,-7.0,41.0,50.0
1426879168.08,-6.0,42.0,50.0
1426879168.111,-7.0,42.0,49.0
1426879168.143,-6.0,41.0,49.0
1426879168.174,-6.0,42.0,50.0
1426879168.205,-6.0,42.0,50.0
1426879168.236,-7.0,42.0,50.0
1426879168.268,-6.0,42.0,50.0
1426879168.299,-6.0,42.0,50.0
1426879168.33,-7.0,42.0,49.0
1426879168.361,-7.0,42.0,49.0
1426879168.393,-6.0,42.0,49.0
1426879168.424,-6.0,42.0,50.0
1426879168.455,-6.0,42.0,50.0
1426879168.486,-7.0,42.0,50.0
1426879168.518,-7.0,42.0,50.0
1426879168.549,-6.0,41.0,50.0
1426879168.58,-7.0,42.0,49.0
1426879168.611,-6.0,42.0,50.0
1426879168.643,-6.0,42.0,50.0
1426879168.674,-7.0,42.0,50.0
1426879168.705,-7.0,42.0,50.0
1426879168.736,-6.0,42.0,50.0
1426879168.768,-6.0,42.0,49.0
1426879168.799,-7.0,41.0,49.0
1426879168.83,-7.0,42.0,49.0
1426879168.861,-6.0,42.0,49.0
1426879168.893,-6.0,42.0,50.0
1426879168.924,-7.0,41.0,50.0
1426879168.955,-7.0,42.0,50.0
1426879168.986,-7.0,43.0,51.0
1426879169.018,-7.0,40.0,53.0
1426879169.049,-6.0,31.0,51.0
1426879169.08,-6.0,37.0,49.0
1426879169.111,-5.0,45.0,45.0
1426879169.143,-7.0,47.0,45.0
1426879169.174,-7.0,45.0,49.0
1426879169.205,-7.0,37.0,55.0
1426879169.236,-5.0,39.0,53.0
1426879169.268,-6.0,41.0,50.0
1426879169.299,-6.0,41.0,51.0
1426879169.33,-7.0,40.0,51.0
1426879169.361,-7.0,41.0,50.0
1426879169.393,-6.0,44.0,49.0
1426879169.424,-6.0,42.0,51.0
1426879169.455,-6.0,38.0,49.0
1426879169.486,-7.0,39.0,52.0
1426879169.518,-7.0,41.0,51.0
1426879169.549,-8.0,42.0,50.0
1426879169.58,-7.0,42.0,50.0
1426879169.611,-6.0,41.0,51.0
1426879169.643,-6.0,39.0,52.0
1426879169.674,-7.0,39.0,52.0
1426879169.705,-7.0,42.0,50.0
1426879169.736,-7.0,42.0,50.0
1426879169.768,-7.0,41.0,51.0
1426879169.799,-6.0,40.0,50.0
1426879169.83,-6.0,41.0,51.0
1426879169.861,-6.0,40.0,51.0
1426879169.893,-7.0,41.0,51.0
1426879169.924,-7.0,41.0,50.0
1426879169.955,-7.0,41.0,50.0
1426879169.986,-6.0,41.0,51.0
1426879170.018,-7.0,41.0,50.0
1426879170.049,-7.0,41.0,51.0
1426879170.08,-6.0,41.0,51.0
1426879170.112,-7.0,41.0,50.0
1426879170.143,-7.0,40.0,51.0
1426879170.174,-6.0,40.0,51.0
1426879170.205,-6.0,40.0,51.0
1426879170.237,-6.0,41.0,51.0
1426879170.268,-7.0,41.0,51.0
1426879170.299,-7.0,41.0,51.0
1426879170.33,-7.0,40.0,51.0
1426879170.362,-6.0,39.0,52.0
1426879170.393,-7.0,40.0,52.0
1426879170.424,-7.0,41.0,50.0
1426879170.455,-7.0,40.0,51.0
1426879170.487,-7.0,40.0,51.0
1426879170.518,-6.0,41.0,51.0
1426879170.549,-6.0,40.0,51.0
1426879170.58,-7.0,39.0,52.0
1426879170.612,-6.0,41.0,51.0
1426879170.643,-6.0,41.0,51.0
1426879170.674,-7.0,40.0,51.0
1426879170.705,-6.0,40.0,51.0
1426879170.737,-6.0,41.0,51.0
1426879170.768,-7.0,41.0,51.0
1426879170.799,-7.0,41.0,51.0
1426879170.83,-6.0,40.0,51.0
1426879170.862,-6.0,40.0,51.0
1426879170.893,-7.0,41.0,51.0
1426879170.924,-6.0,41.0,51.0
1426879170.955,-7.0,40.0,51.0
1426879170.987,-6.0,40.0,51.0
1426879171.018,-6.0,41.0,51.0
1426879171.049,-6.0,40.0,52.0
1426879171.08,-7.0,40.0,51.0
1426879171.112,-6.0,40.0,52.0
1426879171.143,-7.0,40.0,51.0
1426879171.174,-7.0,41.0,51.0
1426879171.205,-7.0,40.0,52.0
1426879171.237,-7.0,39.0,52.0
1426879171.268,-7.0,40.0,51.0
1426879171.299,-7.0,41.0,51.0
1426879171.33,-7.0,41.0,50.0
1426879171.362,-7.0,40.0,52.0
1426879171.393,-6.0,40.0,51.0
1426879171.424,-6.0,41.0,51.0
1426879171.455,-7.0,41.0,51.0
1426879171.487,-7.0,40.0,51.0
1426879171.518,-7.0,41.0,51.0
1426879171.549,-7.0,41.0,51.0
1426879171.58,-7.0,40.0,51.0
1426879171.612,-6.0,41.0,51.0
1426879171.643,-7.0,41.0,51.0
1426879171.674,-6.0,40.0,51.0
1426879171.705,-6.0,40.0,51.0
1426879171.737,-6.0,41.0,51.0
1426879171.768,-7.0,41.0,51.0
1426879171.799,-7.0,40.0,51.0
1426879171.83,-6.0,40.0,51.0
1426879171.862,-7.0,40.0,51.0
1426879171.893,-7.0,40.0,51.0
1426879171.924,-7.0,40.0,51.0
1426879171.955,-6.0,40.0,51.0
1426879171.987,-7.0,40.0,51.0
1426879172.018,-7.0,41.0,51.0
1426879172.049,-7.0,40.0,51.0
1426879172.08,-6.0,40.0,51.0
1426879172.112,-7.0,40.0,51.0
1426879172.143,-7.0,41.0,51.0
1426879172.174,-6.0,41.0,51.0
1426879172.205,-7.0,41.0,50.0
1426879172.237,-7.0,41.0,51.0
1426879172.268,-6.0,40.0,51.0
1426879172.299,-7.0,40.0,51.0
1426879172.33,-7.0,41.0,51.0
1426879172.362,-6.0,41.0,51.0
1426879172.393,-7.0,40.0,51.0
1426879172.424,-6.0,41.0,51.0
1426879172.455,-7.0,41.0,51.0
1426879172.487,-7.0,41.0,51.0
1426879172.518,-7.0,41.0,51.0
1426879172.549,-7.0,41.0,51.0
1426879172.58,-6.0,40.0,51.0
1426879172.612,-7.0,40.0,51.0
1426879172.643,-7.0,40.0,51.0
1426879172.674,-7.0,41.0,51.0
1426879172.705,-7.0,41.0,51.0
1426879172.737,-7.0,40.0,51.0
1426879172.768,-7.0,41.0,51.0
1426879172.799,-6.0,41.0,51.0
1426879172.83,-6.0,40.0,51.0
1426879172.862,-6.0,41.0,51.0
1426879172.893,-7.0,41.0,51.0
1426879172.924,-7.0,41.0,51.0
1426879172.955,-7.0,41.0,51.0
1426879172.987,-7.0,40.0,51.0
1426879173.018,-7.0,41.0,51.0
1426879173.049,-7.0,41.0,51.0
1426879173.08,-7.0,40.0,51.0
1426879173.112,-7.0,40.0,51.0
1426879173.143,-7.0,40.0,51.0
1426879173.174,-7.0,41.0,51.0
1426879173.205,-7.0,40.0,51.0
1426879173.237,-7.0,40.0,51.0
1426879173.268,-7.0,41.0,51.0
1426879173.299,-7.0,40.0,51.0
1426879173.33,-7.0,41.0,51.0
1426879173.362,-6.0,41.0,51.0
1426879173.393,-6.0,40.0,51.0
1426879173.424,-7.0,40.0,51.0
1426879173.455,-7.0,41.0,51.0
1426879173.487,-7.0,41.0,51.0
1426879173.518,-7.0,40.0,51.0
1426879173.549,-7.0,40.0,51.0
1426879173.58,-7.0,40.0,51.0
1426879173.612,-7.0,40.0,51.0
1426879173.643,-7.0,40.0,51.0
1426879173.674,-6.0,40.0,51.0
1426879173.705,-6.0,40.0,51.0
1426879173.737,-6.0,41.0,51.0
1426879173.768,-7.0,41.0,51.0
1426879173.799,-7.0,41.0,52.0
1426879173.83,-7.0,40.0,51.0
1426879173.862,-6.0,40.0,51.0
1426879173.893,-6.0,41.0,51.0
1426879173.924,-7.0,40.0,51.0
1426879173.955,-7.0,40.0,51.0
1426879173.987,-7.0,40.0,51.0
1426879174.018,-6.0,41.0,51.0
1426879174.049,-6.0,40.0,51.0
1426879174.08,-6.0,40.0,51.0
1426879174.112,-6.0,41.0,51.0
1426879174.143,-6.0,40.0,51.0
1426879174.174,-7.0,41.0,51.0
1426879174.205,-6.0,41.0,51.0
1426879174.237,-7.0,40.0,51.0
1426879174.268,-7.0,40.0,51.0
1426879174.299,-7.0,41.0,51.0
1426879174.33,-6.0,41.0,51.0
1426879174.362,-7.0,40.0,51.0
1426879174.393,-7.0,40.0,51.0
1426879174.424,-7.0,40.0,51.0
1426879174.455,-7.0,41.0,51.0
1426879174.487,-7.0,40.0,51.0
1426879174.518,-7.0,40.0,51.0
1426879174.549,-6.0,40.0,51.0
1426879174.58,-7.0,41.0,51.0
1426879174.612,-7.0,40.0,51.0
1426879174.643,-7.0,40.0,51.0
1426879174.674,-7.0,40.0,51.0
1426879174.705,-7.0,40.0,51.0
1426879174.737,-7.0,41.0,51.0
1426879174.768,-7.0,40.0,51.0
1426879174.799,-6.0,41.0,51.0
1426879174.83,-7.0,41.0,51.0
1426879174.862,-7.0,40.0,51.0
1426879174.893,-5.0,38.0,50.0
1426879174.924,-6.0,41.0,52.0
1426879174.955,-9.0,40.0,49.0
1426879174.987,-6.0,43.0,51.0
1426879175.018,-6.0,43.0,50.0
1426879175.049,-5.0,42.0,51.0
1426879175.08,-6.0,36.0,52.0
1426879175.112,-6.0,37.0,56.0
1426879175.143,-7.0,37.0,53.0
1426879175.174,-8.0,42.0,50.0
1426879175.205,-7.0,43.0,50.0
1426879175.237,-7.0,40.0,51.0
1426879175.268,-7.0,38.0,53.0
1426879175.299,-7.0,39.0,52.0
1426879175.33,-7.0,40.0,52.0
1426879175.362,-7.0,40.0,51.0
1426879175.393,-7.0,40.0,52.0
1426879175.424,-7.0,41.0,52.0
1426879175.456,-7.0,43.0,52.0
1426879175.487,-6.0,40.0,51.0
1426879175.518,-6.0,40.0,51.0
1426879175.549,-6.0,40.0,51.0
1426879175.581,-7.0,40.0,51.0
1426879175.612,-6.0,40.0,51.0
1426879175.643,-6.0,41.0,50.0
1426879175.674,-7.0,40.0,51.0
1426879175.706,-7.0,40.0,52.0
1426879175.737,-7.0,41.0,51.0
1426879175.768,-7.0,40.0,51.0
1426879175.799,-6.0,40.0,51.0
1426879175.831,-7.0,40.0,51.0
1426879175.862,-7.0,40.0,51.0
1426879175.893,-7.0,40.0,51.0
1426879175.924,-7.0,40.0,51.0
1426879175.956,-6.0,40.0,52.0
1426879175.987,-6.0,40.0,51.0
1426879176.018,-7.0,39.0,52.0
1426879176.049,-7.0,41.0,51.0
1426879176.081,-7.0,40.0,52.0
1426879176.112,-7.0,39.0,52.0
1426879176.143,-7.0,40.0,52.0
1426879176.174,-7.0,41.0,51.0
1426879176.206,-7.0,40.0,51.0
1426879176.237,-7.0,39.0,51.0
1426879176.268,-7.0,40.0,51.0
1426879176.299,-7.0,40.0,50.0
1426879176.331,-7.0,40.0,51.0
1426879176.362,-6.0,40.0,51.0
1426879176.393,-7.0,40.0,51.0
1426879176.424,-7.0,41.0,51.0
1426879176.456,-7.0,40.0,51.0
1426879176.487,-7.0,40.0,51.0
1426879176.518,-6.0,40.0,51.0
1426879176.549,-7.0,40.0,51.0
1426879176.581,-7.0,40.0,51.0
1426879176.612,-7.0,40.0,51.0
1426879176.643,-7.0,41.0,51.0
1426879176.674,-7.0,40.0,52.0
1426879176.706,-7.0,40.0,52.0
1426879176.737,-7.0,41.0,51.0
1426879176.768,-7.0,40.0,51.0
1426879176.799,-7.0,40.0,52.0
1426879176.831,-7.0,40.0,51.0
1426879176.862,-7.0,41.0,52.0
1426879176.893,-7.0,41.0,51.0
1426879176.924,-7.0,40.0,52.0
1426879176.956,-7.0,40.0,51.0
1426879176.987,-7.0,40.0,51.0
1426879177.018,-7.0,41.0,52.0
1426879177.049,-7.0,39.0,52.0
1426879177.081,-7.0,40.0,51.0
1426879177.112,-7.0,40.0,51.0
1426879177.143,-7.0,40.0,51.0
1426879177.174,-8.0,40.0,52.0
1426879177.206,-7.0,41.0,51.0
1426879177.237,-6.0,39.0,51.0
1426879177.268,-7.0,39.0,52.0
1426879177.299,-7.0,41.0,51.0
1426879177.331,-7.0,40.0,52.0
1426879177.362,-7.0,40.0,51.0
1426879177.393,-7.0,40.0,52.0
1426879177.424,-7.0,40.0,51.0
1426879177.456,-7.0,40.0,51.0
1426879177.487,-7.0,40.0,51.0
1426879177.518,-7.0,40.0,51.0
1426879177.549,-6.0,40.0,52.0
1426879177.581,-6.0,40.0,51.0
1426879177.612,-7.0,40.0,51.0
1426879177.643,-6.0,41.0,51.0
1426879177.674,-7.0,41.0,52.0
1426879177.706,-8.0,40.0,51.0
1426879177.737,-8.0,40.0,51.0
1426879177.768,-6.0,41.0,51.0
1426879177.799,-6.0,42.0,50.0
1426879177.831,-7.0,41.0,51.0
1426879177.862,-7.0,39.0,52.0
1426879177.893,-6.0,39.0,52.0
1426879177.924,-6.0,41.0,50.0
1426879177.956,-6.0,41.0,50.0
1426879177.987,-7.0,39.0,52.0
1426879178.018,-7.0,40.0,51.0
1426879178.049,-7.0,42.0,51.0
1426879178.081,-7.0,41.0,51.0
1426879178.112,-8.0,39.0,52.0
1426879178.143,-7.0,40.0,51.0
1426879178.174,-6.0,42.0,51.0
1426879178.206,-6.0,39.0,52.0
1426879178.237,-6.0,39.0,52.0
1426879178.268,-7.0,42.0,51.0
1426879178.299,-7.0,41.0,51.0
1426879178.331,-7.0,40.0,52.0
1426879178.362,-7.0,41.0,51.0
1426879178.393,-7.0,41.0,50.0
1426879178.424,-6.0,40.0,51.0
1426879178.456,-7.0,40.0,51.0
1426879178.487,-7.0,40.0,51.0
1426879178.518,-7.0,40.0,51.0
1426879178.549,-7.0,40.0,51.0
1426879178.581,-7.0,40.0,51.0
1426879178.612,-7.0,40.0,51.0
1426879178.643,-7.0,40.0,51.0
1426879178.674,-7.0,41.0,51.0
1426879178.706,-7.0,40.0,51.0
1426879178.737,-7.0,41.0,52.0
1426879178.768,-7.0,39.0,52.0
1426879178.799,-7.0,40.0,51.0
1426879178.831,-7.0,41.0,51.0
1426879178.862,-7.0,40.0,51.0
1426879178.893,-7.0,40.0,51.0
1426879178.924,-7.0,41.0,51.0
1426879178.956,-7.0,40.0,51.0
1426879178.987,-7.0,40.0,51.0
1426879179.018,-7.0,40.0,52.0
1426879179.049,-7.0,41.0,51.0
1426879179.081,-7.0,41.0,51.0
1426879179.112,-7.0,40.0,52.0
1426879179.143,-7.0,40.0,51.0
1426879179.174,-7.0,40.0,51.0
1426879179.206,-7.0,40.0,51.0
1426879179.237,-7.0,39.0,51.0
1426879179.268,-7.0,40.0,51.0
1426879179.299,-7.0,40.0,51.0
1426879179.331,-7.0,40.0,51.0
1426879179.362,-7.0,41.0,51.0
1426879179.393,-7.0,40.0,51.0
1426879179.424,-7.0,40.0,51.0
1426879179.456,-7.0,40.0,51.0
1426879179.487,-7.0,40.0,51.0
1426879179.518,-7.0,40.0,51.0
1426879179.549,-7.0,40.0,51.0
1426879179.581,-7.0,40.0,52.0
1426879179.612,-7.0,40.0,51.0
1426879179.643,-7.0,40.0,51.0
1426879179.674,-7.0,40.0,51.0
1426879179.706,-7.0,40.0,51.0
1426879179.737,-6.0,40.0,51.0
1426879179.768,-7.0,40.0,51.0
1426879179.799,-7.0,40.0,51.0
1426879179.831,-7.0,40.0,52.0
1426879179.862,-7.0,40.0,51.0
1426879179.893,-7.0,40.0,51.0
1426879179.924,-7.0,40.0,51.0
1426879179.956,-7.0,40.0,51.0
1426879179.987,-7.0,40.0,51.0
1426879180.018,-7.0,39.0,51.0
1426879180.049,-7.0,40.0,51.0
1426879180.081,-7.0,40.0,51.0
1426879180.112,-7.0,40.0,51.0
1426879180.143,-7.0,40.0,51.0
1426879180.174,-7.0,41.0,51.0
1426879180.206,-7.0,40.0,51.0
1426879180.237,-7.0,40.0,52.0
1426879180.268,-7.0,40.0,51.0
1426879180.299,-7.0,40.0,51.0
1426879180.331,-7.0,40.0,51.0
1426879180.362,-7.0,40.0,51.0
1426879180.393,-7.0,40.0,51.0
1426879180.424,-7.0,40.0,51.0
1426879180.456,-7.0,40.0,51.0
1426879180.487,-7.0,40.0,51.0
1426879180.518,-7.0,40.0,51.0
1426879179.612,-7.0,40.0,51.0
1426879179.643,-7.0,40.0,51.0
1426879179.674,-7.0,40.0,51.0
1426879179.706,-7.0,40.0,51.0
1426879179.737,-6.0,40.0,51.0
1426879179.768,-7.0,40.0,51.0
1426879179.799,-7.0,40.0,51.0
1426879179.831,-7.0,40.0,52.0
1426879179.862,-7.0,40.0,51.0
1426879179.893,-7.0,40.0,51.0
1426879179.924,-7.0,40.0,51.0
1426879179.956,-7.0,40.0,51.0
1426879179.987,-7.0,40.0,51.0
1426879180.018,-7.0,39.0,51.0
1426879180.049,-7.0,40.0,51.0
1426879180.081,-7.0,40.0,51.0
1426879180.112,-7.0,40.0,51.0
1426879180.143,-7.0,40.0,51.0
1426879180.174,-7.0,41.0,51.0
1426879180.206,-7.0,40.0,51.0
1426879180.237,-7.0,40.0,52.0
1426879180.268,-7.0,40.0,51.0
1426879180.299,-7.0,40.0,51.0
1426879180.331,-7.0,40.0,51.0
1426879180.362,-7.0,40.0,51.0
1426879180.393,-7.0,40.0,51.0
1426879180.424,-7.0,40.0,51.0
1426879180.456,-7.0,40.0,51.0
1426879180.487,-7.0,40.0,51.0
1426879180.518,-7.0,40.0,51.0
