1426879123.479,0.0
1426879123.495,0.0
1426879123.511,0.0
1426879123.526,0.0
1426879123.542,0.0
1426879123.557,0.0
1426879123.573,0.0
1426879123.589,0.0
1426879123.604,0.0
1426879123.62,0.0022315353
1426879123.636,-0.0045169927
1426879123.651,-0.011265522
1426879123.667,-0.011383951
1426879123.682,0.0011864507
1426879123.698,0.025910312
1426879123.714,0.050634187
1426879123.729,0.051362894
1426879123.745,-0.0014929791
1426879123.761,-0.1302426
1426879123.776,-0.35562757
1426879123.792,-0.6591247
1426879123.807,-1.0095103
1426879123.823,-1.3709826
1426879123.839,-1.7197359
1426879123.854,-2.0551105
1426879123.87,-2.39945
1426879123.886,-2.7866635
1426879123.901,-3.2399073
1426879123.917,-3.796012
1426879123.932,-4.418684
1426879123.948,-5.0592937
1426879123.964,-5.6644096
1426879123.979,-6.2021537
1426879123.995,-6.6808796
1426879124.011,-7.149598
1426879124.026,-7.6782336
1426879124.042,-8.310739
1426879124.057,-9.143657
1426879124.073,-10.089731
1426879124.089,-11.041313
1426879124.104,-11.8842125
1426879124.12,-12.564316
1426879124.136,-13.13563
1426879124.151,-13.760044
1426879124.167,-14.65232
1426879124.182,-15.962056
1426879124.198,-17.914442
1426879124.214,-20.317299
1426879124.229,-22.903854
1426879124.245,-25.37947
1426879124.261,-27.578028
1426879124.276,-29.57246
1426879124.292,-31.675173
1426879124.308,-34.3178
1426879124.323,-37.813618
1426879124.339,-42.541233
1426879124.354,-48.1463
1426879124.37,-54.104755
1426879124.386,-59.83309
1426879124.401,-64.972374
1426879124.417,-69.58293
1426879124.432,-74.14353
1426879124.448,-79.344986
1426879124.464,-85.70726
1426879124.479,-93.76193
1426879124.495,-102.99779
1426879124.511,-112.61757
1426879124.526,-121.73034
1426879124.542,-129.76602
1426879124.558,-136.75102
1426879124.573,-143.30344
1426879124.589,-150.74623
1426879124.604,-157.77356
1426879124.62,-166.64323
1426879124.636,-177.94798
1426879124.651,-191.79102
1426879124.667,-206.96808
1426879124.683,-220.56592
1426879124.698,-228.24644
1426879124.714,-225.36154
1426879124.729,-208.53198
1426879124.745,-176.87024
1426879124.761,-132.76222
1426879124.776,-80.04997
1426879124.792,-23.069275
1426879124.808,34.94339
1426879124.823,92.43695
1426879124.839,149.15695
1426879124.854,205.22772
1426879124.87,260.36963
1426879124.886,313.74133
1426879124.901,363.87396
1426879124.917,409.83353
1426879124.933,450.90775
1426879124.948,486.50244
1426879124.964,515.73865
1426879124.979,537.2274
1426879124.995,549.22
1426879125.011,549.9613
1426879125.026,538.367
1426879125.042,514.2055
1426879125.058,478.674
1426879125.073,433.87952
1426879125.089,382.45126
1426879125.104,327.02106
1426879125.12,269.84186
1426879125.136,212.63379
1426879125.151,156.6594
1426879125.167,102.95233
1426879125.183,52.373596
1426879125.198,5.9046936
1426879125.214,-35.580414
1426879125.229,-71.42584
1426879125.245,-101.35184
1426879125.261,-125.50113
1426879125.276,-144.3797
1426879125.292,-158.69403
1426879125.308,-169.15071
1426879125.323,-176.3711
1426879125.339,-180.75139
1426879125.354,-182.57419
1426879125.37,-182.06863
1426879125.386,-179.5066
1426879125.401,-175.23325
1426879125.417,-169.65286
1426879125.433,-163.17691
1426879125.448,-156.14568
1426879125.464,-148.80681
1426879125.479,-141.29686
1426879125.495,-133.68983
1426879125.511,-126.01962
1426879125.526,-118.33268
1426879125.542,-110.68864
1426879125.558,-103.15572
1426879125.573,-95.80455
1426879125.589,-88.684166
1426879125.604,-81.82744
1426879125.62,-75.24594
1426879125.636,-68.9526
1426879125.651,-62.949085
1426879125.667,-57.247494
1426879125.683,-51.857185
1426879125.698,-46.78282
1426879125.714,-42.02776
1426879125.729,-37.58521
1426879125.745,-33.451748
1426879125.761,-29.613855
1426879125.776,-26.070963
1426879125.792,-22.808779
1426879125.808,-19.824995
1426879125.823,-17.113392
1426879125.839,-14.666497
1426879125.854,-12.47932
1426879125.87,-10.538469
1426879125.886,-8.833674
1426879125.901,-7.3478527
1426879125.917,-6.067689
1426879125.933,-4.9734235
1426879125.948,-4.046258
1426879125.964,-3.2673752
1426879125.979,-2.6211367
1426879125.995,-2.088365
1426879126.011,-1.6507506
1426879126.026,-1.2976913
1426879126.042,-1.0147024
1426879126.058,-0.79105926
1426879126.073,-0.6133206
1426879126.089,-0.47516227
1426879126.104,-0.3684653
1426879126.12,-0.28461677
1426879126.136,-0.22397345
1426879126.151,-0.17647654
1426879126.167,-0.14055526
1426879126.183,-0.11251485
1426879126.198,-0.0926249
1426879126.214,-0.07977182
1426879126.229,-0.06783539
1426879126.245,-0.05929327
1426879126.261,-0.052183747
1426879126.276,-0.046860814
1426879126.292,-0.044131815
1426879126.308,-0.040358156
1426879126.323,-0.039164305
1426879126.339,-0.034330726
1426879126.354,-0.03515649
1426879126.37,-0.03181714
1426879126.386,-0.030750751
1426879126.401,-0.02810505
1426879126.417,-0.029290557
1426879126.433,-0.027453512
1426879126.448,-0.026081413
1426879126.464,-0.023851603
1426879126.479,-0.022989094
1426879126.495,-0.022172749
1426879126.511,-0.022157341
1426879126.526,-0.020828396
1426879126.542,-0.020277172
1426879126.558,-0.01940465
1426879126.573,-0.018795371
1426879126.589,-0.019169807
1426879126.604,-0.017195046
1426879126.62,-0.016264498
1426879126.636,-0.01676847
1426879126.651,-0.016039208
1426879126.667,-0.016356274
1426879126.683,-0.012255222
1426879126.698,-0.014531761
1426879126.714,-0.013970271
1426879126.729,-0.0151048
1426879126.745,-0.011057541
1426879126.761,-0.0131264925
1426879126.776,-0.011830375
1426879126.792,-0.011561602
1426879126.808,-0.011305705
1426879126.823,-0.011659563
1426879126.839,-0.010980591
1426879126.854,-0.008519486
1426879126.87,-0.00930731
1426879126.886,-0.0089965165
1426879126.901,-0.0069209486
1426879126.917,-0.011046693
1426879126.933,-0.008624956
1426879126.948,-0.010518879
1426879126.964,-0.012056366
1426879126.98,-0.018122286
1426879126.995,-0.024261683
1426879127.011,-0.040741622
1426879127.026,-0.05104907
1426879127.042,-0.07054119
1426879127.058,-0.09464058
1426879127.073,-0.12119982
1426879127.089,-0.15174422
1426879127.104,-0.18561757
1426879127.12,-0.22649154
1426879127.136,-0.2592546
1426879127.151,-0.30377993
1426879127.167,-0.3414265
1426879127.183,-0.38760453
1426879127.198,-0.43251354
1426879127.214,-0.47334546
1426879127.23,-0.5185783
1426879127.245,-0.57040143
1426879127.261,-0.619473
1426879127.276,-0.6771932
1426879127.292,-0.7380728
1426879127.308,-0.80184954
1426879127.323,-0.86611295
1426879127.339,-0.9436829
1426879127.355,-1.0315781
1426879127.37,-1.1345017
1426879127.386,-1.261003
1426879127.401,-1.4034723
1426879127.417,-1.5448787
1426879127.433,-1.6765317
1426879127.448,-1.7870857
1426879127.464,-1.882942
1426879127.48,-1.9862988
1426879127.495,-2.1158812
1426879127.511,-2.3049896
1426879127.526,-2.5702312
1426879127.542,-2.8892114
1426879127.558,-3.2533498
1426879127.573,-3.6257858
1426879127.589,-3.980514
1426879127.605,-4.3217607
1426879127.62,-4.6743507
1426879127.636,-5.0739045
1426879127.651,-5.5476155
1426879127.667,-6.1292744
1426879127.683,-6.7846856
1426879127.698,-7.4719944
1426879127.714,-8.138743
1426879127.73,-8.733249
1426879127.745,-9.267099
1426879127.761,-9.791936
1426879127.776,-10.3897705
1426879127.792,-11.170002
1426879127.808,-12.155261
1426879127.823,-13.29599
1426879127.839,-14.453918
1426879127.855,-15.463869
1426879127.87,-16.187235
1426879127.886,-16.597265
1426879127.901,-16.769482
1426879127.917,-16.87205
1426879127.933,-17.00621
1426879127.948,-17.17179
1426879127.964,-17.13226
1426879127.98,-16.519514
1426879127.995,-14.915638
1426879128.011,-12.043028
1426879128.026,-7.9447594
1426879128.042,-2.9555645
1426879128.058,2.3791637
1426879128.073,7.471567
1426879128.089,11.925968
1426879128.105,15.739973
1426879128.12,19.219032
1426879128.136,22.794537
1426879128.151,26.75821
1426879128.167,31.049107
1426879128.183,35.21224
1426879128.198,38.548256
1426879128.214,40.552948
1426879128.23,40.999832
1426879128.245,40.213478
1426879128.261,38.905323
1426879128.276,37.860394
1426879128.292,37.741158
1426879128.308,38.967438
1426879128.323,41.705597
1426879128.339,45.696037
1426879128.355,50.056908
1426879128.37,53.126434
1426879128.386,52.80468
1426879128.401,47.335793
1426879128.417,36.265278
1426879128.433,20.998081
1426879128.448,4.506115
1426879128.464,-9.737423
1426879128.48,-19.247185
1426879128.495,-23.33831
1426879128.511,-23.243208
1426879128.526,-20.990854
1426879128.542,-18.331919
1426879128.558,-15.907402
1426879128.573,-13.449108
1426879128.589,-10.41185
1426879128.605,-6.699602
1426879128.62,-2.9208002
1426879128.636,-0.00895977
1426879128.651,1.281868
1426879128.667,0.9565077
1426879128.683,-0.22347641
1426879128.698,-1.2257423
1426879128.714,-1.0026274
1426879128.73,0.97579193
1426879128.745,4.690052
1426879128.761,9.510557
1426879128.776,14.360571
1426879128.792,17.671217
1426879128.808,17.893509
1426879128.823,13.875717
1426879128.839,5.2433143
1426879128.855,-7.2867785
1426879128.87,-21.94618
1426879128.886,-36.38344
1426879128.901,-48.306522
1426879128.917,-56.103947
1426879128.933,-59.353992
1426879128.948,-58.473995
1426879128.964,-54.387486
1426879128.98,-48.247776
1426879128.995,-41.07357
1426879129.011,-33.783592
1426879129.026,-27.166592
1426879129.042,-21.994421
1426879129.058,-17.574648
1426879129.073,-13.955254
1426879129.089,-11.00259
1426879129.105,-8.423125
1426879129.12,-6.0228252
1426879129.136,-3.8466568
1426879129.151,-2.1969728
1426879129.167,-1.5192776
1426879129.183,-2.1347322
1426879129.198,-4.066272
1426879129.214,-7.1188745
1426879129.23,-10.656949
1426879129.245,-13.8355
1426879129.261,-15.909436
1426879129.276,-16.360529
1426879129.292,-15.055682
1426879129.308,-12.197027
1426879129.323,-8.164508
1426879129.339,-3.3742085
1426879129.355,1.7826538
1426879129.37,7.273609
1426879129.386,13.287486
1426879129.401,20.075241
1426879129.417,27.720787
1426879129.433,36.004417
1426879129.448,44.404858
1426879129.464,52.37095
1426879129.48,59.534874
1426879129.495,65.893776
1426879129.511,71.98341
1426879129.526,78.71356
1426879129.542,87.02162
1426879129.558,97.45381
1426879129.573,109.76771
1426879129.589,122.65643
1426879129.605,133.77185
1426879129.62,140.12105
1426879129.636,138.74762
1426879129.651,127.68812
1426879129.667,106.648186
1426879129.683,77.277054
1426879129.698,42.76922
1426879129.714,7.0842514
1426879129.73,-26.120651
1426879129.745,-54.17981
1426879129.761,-75.82525
1426879129.776,-90.9966
1426879129.792,-100.38904
1426879129.808,-105.016
1426879129.823,-105.86608
1426879129.839,-103.83245
1426879129.855,-99.684364
1426879129.87,-94.13913
1426879129.886,-87.89439
1426879129.902,-81.53995
1426879129.917,-75.531204
1426879129.933,-70.15122
1426879129.948,-65.5884
1426879129.964,-61.976204
1426879129.98,-59.468513
1426879129.995,-58.12446
1426879130.011,-57.822052
1426879130.027,-58.176445
1426879130.042,-58.514374
1426879130.058,-58.09108
1426879130.073,-56.293762
1426879130.089,-52.86441
1426879130.105,-47.910942
1426879130.12,-41.817604
1426879130.136,-34.99788
1426879130.152,-27.726372
1426879130.167,-20.044357
1426879130.183,-11.794991
1426879130.198,-2.7756958
1426879130.214,7.141594
1426879130.23,17.856781
1426879130.245,29.068214
1426879130.261,40.273186
1426879130.277,50.952164
1426879130.292,60.720596
1426879130.308,69.527756
1426879130.323,77.781044
1426879130.339,86.298676
1426879130.355,96.06927
1426879130.37,107.775215
1426879130.386,121.25581
1426879130.402,135.07422
1426879130.417,146.57507
1426879130.433,152.42563
1426879130.448,149.59052
1426879130.464,136.38818
1426879130.48,113.133095
1426879130.495,82.16072
1426879130.511,47.15007
1426879130.527,12.102592
1426879130.542,-19.696121
1426879130.558,-46.19281
1426879130.573,-66.64635
1426879130.589,-81.24395
1426879130.605,-90.62837
1426879130.62,-95.53948
1426879130.636,-96.7087
1426879130.652,-94.87746
1426879130.667,-90.92371
1426879130.683,-85.75429
1426879130.698,-80.21755
1426879130.714,-74.92144
1426879130.73,-70.185265
1426879130.745,-66.120346
1426879130.761,-62.803795
1426879130.777,-60.382355
1426879130.792,-59.06938
1426879130.808,-58.95353
1426879130.823,-59.804436
1426879130.839,-61.01062
1426879130.855,-61.70408
1426879130.87,-61.04985
1426879130.886,-58.554977
1426879130.902,-54.19014
1426879130.917,-48.326477
1426879130.933,-41.47557
1426879130.948,-34.061325
1426879130.964,-26.19535
1426879130.98,-17.762161
1426879130.995,-8.537498
1426879131.011,1.6038666
1426879131.027,12.531418
1426879131.042,23.839157
1426879131.058,34.999557
1426879131.073,45.544357
1426879131.089,55.244263
1426879131.105,64.21634
1426879131.12,72.92969
1426879131.136,82.09
1426879131.152,92.455
1426879131.167,104.490875
1426879131.183,117.99754
1426879131.198,131.7793
1426879131.214,143.57187
1426879131.23,150.36076
1426879131.245,149.17384
1426879131.261,138.03246
1426879131.277,116.740295
1426879131.292,87.153244
1426879131.308,52.712845
1426879131.323,17.483871
1426879131.339,-14.915039
1426879131.355,-42.09645
1426879131.37,-63.08043
1426879131.386,-78.01918
1426879131.402,-87.66585
1426879131.417,-92.93477
1426879131.433,-94.64459
1426879131.448,-93.51393
1426879131.464,-90.2527
1426879131.48,-85.57185
1426879131.495,-80.198654
1426879131.511,-74.77927
1426879131.527,-69.782364
1426879131.542,-65.52153
1426879131.558,-62.164383
1426879131.573,-59.803528
1426879131.589,-58.480606
1426879131.605,-58.17627
1426879131.62,-58.69165
1426879131.636,-59.622345
1426879131.652,-60.355026
1426879131.667,-60.19641
1426879131.683,-58.54744
1426879131.698,-55.098145
1426879131.714,-49.893326
1426879131.73,-43.30539
1426879131.745,-35.84604
1426879131.761,-27.944626
1426879131.777,-19.796982
1426879131.792,-11.326843
1426879131.808,-2.3225555
1426879131.823,7.366913
1426879131.839,17.660141
1426879131.855,28.23413
1426879131.87,38.600067
1426879131.886,48.330154
1426879131.902,57.250595
1426879131.917,65.53633
1426879131.933,73.76047
1426879131.948,82.70091
1426879131.964,93.112625
1426879131.98,105.32994
1426879131.995,118.835754
1426879132.011,132.02684
1426879132.027,142.28658
1426879132.042,146.51291
1426879132.058,142.01929
1426879132.073,127.4615
1426879132.089,103.476974
1426879132.105,72.621826
1426879132.12,38.64769
1426879132.136,5.478241
1426879132.152,-23.826279
1426879132.167,-47.57422
1426879132.183,-65.40666
1426879132.198,-77.86093
1426879132.214,-85.76813
1426879132.23,-89.95125
1426879132.245,-91.03975
1426879132.261,-89.60075
1426879132.277,-86.21333
1426879132.292,-81.52255
1426879132.308,-76.19386
1426879132.323,-70.846176
1426879132.339,-65.943695
1426879132.355,-61.822952
1426879132.37,-58.714584
1426879132.386,-56.75421
1426879132.402,-55.966217
1426879132.417,-56.213104
1426879132.433,-57.11331
1426879132.448,-58.085815
1426879132.464,-58.438232
1426879132.48,-57.523422
1426879132.495,-54.905365
1426879132.511,-50.497345
1426879132.527,-44.50963
1426879132.542,-37.365494
1426879132.558,-29.482986
1426879132.574,-21.11621
1426879132.589,-12.283569
1426879132.605,-2.8850403
1426879132.62,7.1348495
1426879132.636,17.642784
1426879132.652,28.270866
1426879132.667,38.52281
1426879132.683,47.95469
1426879132.699,56.380676
1426879132.714,63.983017
1426879132.73,71.35316
1426879132.745,79.36941
1426879132.761,88.923065
1426879132.777,100.523
1426879132.792,113.81705
1426879132.808,127.3263
1426879132.824,138.4322
1426879132.839,143.93774
1426879132.855,140.94122
1426879132.87,127.87426
1426879132.886,105.10636
1426879132.902,75.00293
1426879132.917,41.25029
1426879132.933,7.8367157
1426879132.949,-21.974243
1426879132.964,-46.236046
1426879132.98,-64.35203
1426879132.995,-76.710655
1426879133.011,-84.17804
1426879133.027,-87.69628
1426879133.042,-88.08792
1426879133.058,-86.06401
1426879133.074,-82.25328
1426879133.089,-77.259865
1426879133.105,-71.66401
1426879133.12,-65.95816
1426879133.136,-60.578148
1426879133.152,-55.87619
1426879133.167,-52.11708
1426879133.183,-49.46476
1426879133.199,-47.969078
1426879133.214,-47.497444
1426879133.23,-47.770485
1426879133.245,-48.378334
1426879133.261,-48.878456
1426879133.277,-48.827026
1426879133.292,-47.85479
1426879133.308,-45.667374
1426879133.324,-42.029587
1426879133.339,-36.796326
1426879133.355,-29.910973
1426879133.37,-21.435974
1426879133.386,-11.623352
1426879133.402,-0.88259125
1426879133.417,10.217606
1426879133.433,21.101532
1426879133.449,31.305138
1426879133.464,40.64022
1426879133.48,49.255775
1426879133.495,57.607628
1426879133.511,66.364
1426879133.527,76.24489
1426879133.542,87.733696
1426879133.558,100.790504
1426879133.574,114.54093
1426879133.589,127.137276
1426879133.605,135.956
1426879133.62,138.18924
1426879133.636,131.67279
1426879133.652,115.70323
1426879133.667,91.44141
1426879133.683,61.68734
1426879133.699,30.108704
1426879133.714,0.20567322
1426879133.73,-25.491257
1426879133.745,-45.753654
1426879133.761,-60.4682
1426879133.777,-70.12282
1426879133.792,-75.36393
1426879133.808,-76.748085
1426879133.824,-74.82184
1426879133.839,-70.300385
1426879133.855,-64.16425
1426879133.87,-57.540314
1426879133.886,-51.44519
1426879133.902,-46.478294
1426879133.917,-42.730675
1426879133.933,-39.86384
1426879133.949,-37.390663
1426879133.964,-35.006233
1426879133.98,-32.75727
1426879133.995,-30.96325
1426879134.011,-29.978485
1426879134.027,-29.839455
1426879134.042,-30.091461
1426879134.058,-29.797554
1426879134.074,-27.890305
1426879134.089,-23.564346
1426879134.105,-16.604126
1426879134.12,-7.5235825
1426879134.136,2.670807
1426879134.152,12.863312
1426879134.167,22.20523
1426879134.183,30.439713
1426879134.199,37.906975
1426879134.214,45.368958
1426879134.23,53.799347
1426879134.245,64.01553
1426879134.261,76.43557
1426879134.277,90.72625
1426879134.292,105.57672
1426879134.308,118.71551
1426879134.324,127.2098
1426879134.339,128.26843
1426879134.355,120.0541
1426879134.37,102.44866
1426879134.386,77.161865
1426879134.402,47.332344
1426879134.417,16.583473
1426879134.433,-11.930023
1426879134.449,-36.137268
1426879134.464,-55.18329
1426879134.48,-69.09863
1426879134.495,-78.30976
1426879134.511,-83.272804
1426879134.527,-84.40525
1426879134.542,-82.19947
1426879134.558,-77.39117
1426879134.574,-71.00486
1426879134.589,-64.18889
1426879134.605,-57.95025
1426879134.62,-52.867294
1426879134.636,-49.039276
1426879134.652,-46.12156
1426879134.667,-43.664574
1426879134.683,-41.33847
1426879134.699,-39.110992
1426879134.714,-37.227417
1426879134.73,-35.934906
1426879134.745,-35.27379
1426879134.761,-34.83133
1426879134.777,-33.819122
1426879134.792,-31.285034
1426879134.808,-26.470749
1426879134.824,-19.13247
1426879134.839,-9.633751
1426879134.855,1.1315689
1426879134.87,12.105125
1426879134.886,22.404129
1426879134.902,31.643608
1426879134.917,40.020805
1426879134.933,48.213867
1426879134.949,57.141846
1426879134.964,67.714966
1426879134.98,80.50274
1426879134.995,95.420105
1426879135.011,111.43783
1426879135.027,126.46415
1426879135.042,137.58475
1426879135.058,141.6808
1426879135.074,136.3399
1426879135.089,120.73956
1426879135.105,96.059
1426879135.12,65.27377
1426879135.136,32.249557
1426879135.152,0.7218094
1426879135.167,-26.619865
1426879135.183,-48.51748
1426879135.199,-64.93823
1426879135.214,-76.55668
1426879135.23,-84.2333
1426879135.246,-88.66885
1426879135.261,-90.37018
1426879135.277,-89.71694
1426879135.292,-87.119865
1426879135.308,-83.09779
1426879135.324,-78.287994
1426879135.339,-73.35297
1426879135.355,-68.87396
1426879135.371,-65.23714
1426879135.386,-62.55175
1426879135.402,-60.67942
1426879135.417,-59.294518
1426879135.433,-58.03531
1426879135.449,-56.61837
1426879135.464,-54.877907
1426879135.48,-52.75245
1426879135.496,-50.203186
1426879135.511,-47.100647
1426879135.527,-43.189728
1426879135.542,-38.14261
1426879135.558,-31.603874
1426879135.574,-23.372688
1426879135.589,-13.495728
1426879135.605,-2.365738
1426879135.621,9.374466
1426879135.636,20.949547
1426879135.652,31.731346
1426879135.667,41.45353
1426879135.683,50.318954
1426879135.699,58.968018
1426879135.714,68.26236
1426879135.73,79.03427
1426879135.746,91.84051
1426879135.761,106.63633
1426879135.777,122.56651
1426879135.792,137.8393
1426879135.808,149.897
1426879135.824,155.73767
1426879135.839,152.82423
1426879135.855,139.84518
1426879135.871,117.29275
1426879135.886,87.51738
1426879135.902,54.1317
1426879135.917,20.93274
1426879135.933,-9.10907
1426879135.949,-34.44615
1426879135.964,-54.8629
1426879135.98,-70.83855
1426879135.996,-82.92246
1426879136.011,-91.2721
1426879136.027,-95.787704
1426879136.042,-96.55922
1426879136.058,-94.194565
1426879136.074,-89.856674
1426879136.089,-84.887634
1426879136.105,-80.3509
1426879136.121,-76.59292
1426879136.136,-73.43906
1426879136.152,-70.408554
1426879136.167,-67.270874
1426879136.183,-64.1974
1426879136.199,-61.669815
1426879136.214,-60.055634
1426879136.23,-59.339653
1426879136.246,-59.05242
1426879136.261,-58.49198
1426879136.277,-56.964798
1426879136.292,-54.105865
1426879136.308,-49.724472
1426879136.324,-43.97303
1426879136.339,-37.07386
1426879136.355,-29.273018
1426879136.371,-20.701233
1426879136.386,-11.449341
1426879136.402,-1.5857086
1426879136.417,8.698799
1426879136.433,19.085167
1426879136.449,29.175728
1426879136.464,38.61979
1426879136.48,47.251785
1426879136.496,55.183617
1426879136.511,62.764984
1426879136.527,70.50224
1426879136.542,78.95702
1426879136.558,88.7135
1426879136.574,100.21444
1426879136.589,113.59102
1426879136.605,128.25304
1426879136.621,142.7013
1426879136.636,154.21838
1426879136.652,159.56363
1426879136.667,155.7656
1426879136.683,141.26265
1426879136.699,116.67563
1426879136.714,84.76534
1426879136.73,49.631546
1426879136.746,15.38179
1426879136.761,-14.993996
1426879136.777,-40.086876
1426879136.792,-59.89884
1426879136.808,-75.0398
1426879136.824,-86.05938
1426879136.839,-93.143394
1426879136.855,-96.37074
1426879136.871,-96.00907
1426879136.886,-92.940186
1426879136.902,-88.40018
1426879136.917,-83.62492
1426879136.933,-79.409355
1426879136.949,-75.89401
1426879136.964,-72.751595
1426879136.98,-69.675026
1426879136.996,-66.81828
1426879137.011,-64.83416
1426879137.027,-64.51407
1426879137.042,-66.183266
1426879137.058,-69.24162
1426879137.074,-72.20957
1426879137.089,-73.273796
1426879137.105,-71.082275
1426879137.121,-65.293045
1426879137.136,-56.814125
1426879137.152,-47.17179
1426879137.167,-37.796173
1426879137.183,-29.35051
1426879137.199,-21.543312
1426879137.214,-13.506306
1426879137.23,-4.396553
1426879137.246,6.0732155
1426879137.261,17.500732
1426879137.277,29.00983
1426879137.292,39.730034
1426879137.308,49.139217
1426879137.324,57.22437
1426879137.339,64.44301
1426879137.355,71.532585
1426879137.371,79.37637
1426879137.386,88.67208
1426879137.402,99.79628
1426879137.417,112.45766
1426879137.433,125.55852
1426879137.449,137.02118
1426879137.464,144.15836
1426879137.48,144.16615
1426879137.496,135.05733
1426879137.511,116.371506
1426879137.527,89.5771
1426879137.542,57.773655
1426879137.558,24.755257
1426879137.574,-6.181385
1426879137.589,-33.107883
1426879137.605,-55.569603
1426879137.621,-73.91815
1426879137.636,-88.44669
1426879137.652,-98.81287
1426879137.667,-104.23069
1426879137.683,-104.16435
1426879137.699,-99.069954
1426879137.714,-90.5439
1426879137.73,-80.86498
1426879137.746,-72.045975
1426879137.761,-65.18129
1426879137.777,-60.26686
1426879137.792,-56.71576
1426879137.808,-53.97723
1426879137.824,-51.91475
1426879137.839,-50.738655
1426879137.855,-50.585876
1426879137.871,-51.137802
1426879137.886,-51.62168
1426879137.902,-51.085873
1426879137.918,-48.838505
1426879137.933,-44.664715
1426879137.949,-38.851593
1426879137.964,-31.942648
1426879137.98,-24.488264
1426879137.996,-16.7869
1426879138.011,-8.876266
1426879138.027,-0.60146713
1426879138.042,8.211182
1426879138.058,17.600792
1426879138.074,27.403517
1426879138.089,37.233246
1426879138.105,46.63849
1426879138.121,55.334423
1426879138.136,63.357414
1426879138.152,71.23025
1426879138.168,79.82273
1426879138.183,90.01529
1426879138.199,102.12706
1426879138.214,115.455986
1426879138.23,128.0272
1426879138.246,136.89192
1426879138.261,138.89139
1426879138.277,131.734
1426879138.293,114.83682
1426879138.308,89.663086
1426879138.324,59.319954
1426879138.339,27.64735
1426879138.355,-1.8757935
1426879138.371,-26.857933
1426879138.386,-46.237377
1426879138.402,-59.96643
1426879138.418,-68.545944
1426879138.433,-72.584656
1426879138.449,-72.704834
1426879138.464,-69.60825
1426879138.48,-64.22269
1426879138.496,-57.687298
1426879138.511,-51.17823
1426879138.527,-45.612923
1426879138.543,-41.4142
1426879138.558,-38.50023
1426879138.574,-36.45078
1426879138.589,-34.782528
1426879138.605,-33.225513
1426879138.621,-31.776997
1426879138.636,-30.650757
1426879138.652,-30.03112
1426879138.668,-29.87922
1426879138.683,-29.763897
1426879138.699,-28.936718
1426879138.714,-26.5122
1426879138.73,-21.834534
1426879138.746,-14.740368
1426879138.761,-5.6516685
1426879138.777,4.497921
1426879138.793,14.628777
1426879138.808,23.916752
1426879138.824,32.097828
1426879138.839,39.549026
1426879138.855,47.099968
1426879138.871,55.791466
1426879138.886,66.42316
1426879138.902,79.283104
1426879138.918,93.79315
1426879138.933,108.453636
1426879138.949,120.84716
1426879138.964,128.12022
1426879138.98,127.658
1426879138.996,117.92259
1426879139.011,99.01925
1426879139.027,72.86014
1426879139.043,42.642822
1426879139.058,12.002094
1426879139.074,-15.919399
1426879139.089,-39.076748
1426879139.105,-56.646065
1426879139.121,-68.760185
1426879139.136,-76.05087
1426879139.152,-79.25452
1426879139.168,-79.05557
1426879139.183,-76.10979
1426879139.199,-71.13978
1426879139.214,-64.92276
1426879139.23,-58.284
1426879139.246,-51.919415
1426879139.261,-46.230473
1426879139.277,-41.27398
1426879139.293,-36.896843
1426879139.308,-32.906742
1426879139.324,-29.328304
1426879139.339,-26.439518
1426879139.355,-24.6036
1426879139.371,-23.96487
1426879139.386,-24.149044
1426879139.402,-24.188915
1426879139.418,-22.786118
1426879139.433,-18.81585
1426879139.449,-11.798107
1426879139.464,-2.1522827
1426879139.48,8.958019
1426879139.496,20.1325
1426879139.511,30.265156
1426879139.527,39.007656
1426879139.543,46.840034
1426879139.558,54.867878
1426879139.574,64.35225
1426879139.589,76.245834
1426879139.605,90.67868
1426879139.621,106.6814
1426879139.636,122.09624
1426879139.652,133.90695
1426879139.668,138.88591
1426879139.683,134.57153
1426879139.699,120.05026
1426879139.714,96.42636
1426879139.73,66.556206
1426879139.746,34.31819
1426879139.761,3.4044018
1426879139.777,-23.411453
1426879139.793,-44.824665
1426879139.808,-60.74848
1426879139.824,-71.78809
1426879139.839,-78.68533
1426879139.855,-82.039665
1426879139.871,-82.40564
1426879139.886,-80.51628
1426879139.902,-77.34429
1426879139.918,-73.87646
1426879139.933,-70.76501
1426879139.949,-68.01913
1426879139.964,-65.09275
1426879139.98,-61.329494
1426879139.996,-56.42413
1426879140.011,-50.74644
1426879140.027,-45.225193
1426879140.043,-40.891537
1426879140.058,-38.320953
1426879140.074,-37.34279
1426879140.089,-37.040714
1426879140.105,-36.12378
1426879140.121,-33.398834
1426879140.136,-28.12547
1426879140.152,-20.155804
1426879140.168,-9.974571
1426879140.183,1.5460262
1426879140.199,13.339577
1426879140.214,24.447691
1426879140.23,34.33345
1426879140.246,43.097404
1426879140.261,51.379105
1426879140.277,60.316307
1426879140.293,71.1572
1426879140.308,84.73074
1426879140.324,100.92479
1426879140.339,118.260254
1426879140.355,133.87578
1426879140.371,144.07474
1426879140.386,145.40108
1426879140.402,135.82645
1426879140.418,115.600655
1426879140.433,87.34039
1426879140.449,55.063477
1426879140.464,23.013222
1426879140.48,-5.658409
1426879140.496,-29.465816
1426879140.511,-48.38798
1426879140.527,-63.089535
1426879140.543,-74.31572
1426879140.558,-82.46231
1426879140.574,-87.749176
1426879140.589,-90.43013
1426879140.605,-90.914635
1426879140.621,-89.65053
1426879140.636,-86.96978
1426879140.652,-83.099075
1426879140.668,-78.44935
1426879140.683,-73.827
1426879140.699,-70.4077
1426879140.714,-69.09314
1426879140.73,-69.95607
1426879140.746,-71.90025
1426879140.761,-73.0476
1426879140.777,-71.5744
1426879140.793,-66.794266
1426879140.808,-59.378242
1426879140.824,-51.03611
1426879140.84,-43.413597
1426879140.855,-37.087074
1426879140.871,-31.258904
1426879140.886,-24.345245
1426879140.902,-15.059387
1426879140.918,-3.3201828
1426879140.933,9.714775
1426879140.949,22.235703
1426879140.965,32.936317
1426879140.98,41.707268
1426879140.996,49.59999
1426879141.011,58.142014
1426879141.027,68.55109
1426879141.043,81.14482
1426879141.058,95.45151
1426879141.074,110.580605
1426879141.09,125.63614
1426879141.105,139.6539
1426879141.121,151.20813
1426879141.136,158.07565
1426879141.152,157.58553
1426879141.168,147.42957
1426879141.183,126.89126
1426879141.199,97.45736
1426879141.215,62.787827
1426879141.23,27.542137
1426879141.246,-4.0377884
1426879141.261,-29.461533
1426879141.277,-48.266487
1426879141.293,-61.829758
1426879141.308,-72.234146
1426879141.324,-81.26467
1426879141.34,-89.7431
1426879141.355,-97.53782
1426879141.371,-103.85512
1426879141.386,-107.83364
1426879141.402,-108.9054
1426879141.418,-106.91724
1426879141.433,-101.97892
1426879141.449,-94.51622
1426879141.465,-85.27347
1426879141.48,-75.51112
1426879141.496,-66.906654
1426879141.511,-61.245926
1426879141.527,-59.615715
1426879141.543,-61.83735
1426879141.558,-66.25212
1426879141.574,-70.34454
1426879141.59,-71.80548
1426879141.605,-69.58985
1426879141.621,-64.1909
1426879141.636,-57.188187
1426879141.652,-49.917007
1426879141.668,-42.634544
1426879141.683,-34.33371
1426879141.699,-23.470764
1426879141.715,-9.134087
1426879141.73,8.101418
1426879141.746,26.352264
1426879141.761,43.19557
1426879141.777,56.9515
1426879141.793,67.34632
1426879141.808,75.60479
1426879141.824,83.51977
1426879141.84,92.75868
1426879141.855,103.9843
1426879141.871,116.95343
1426879141.886,130.61954
1426879141.902,143.51779
1426879141.918,153.67935
1426879141.933,158.86682
1426879141.949,156.7055
1426879141.965,145.36539
1426879141.98,124.33486
1426879141.996,95.03353
1426879142.011,60.676193
1426879142.027,25.495003
1426879142.043,-6.601837
1426879142.058,-33.171432
1426879142.074,-53.688965
1426879142.09,-69.126915
1426879142.105,-81.006226
1426879142.121,-90.41911
1426879142.136,-97.6642
1426879142.152,-102.37889
1426879142.168,-104.130226
1426879142.183,-102.87467
1426879142.199,-99.17267
1426879142.215,-93.95489
1426879142.23,-88.32897
1426879142.246,-83.17296
1426879142.261,-79.028275
1426879142.277,-76.02199
1426879142.293,-74.075005
1426879142.308,-72.799515
1426879142.324,-71.85872
1426879142.34,-70.791954
1426879142.355,-69.29713
1426879142.371,-67.08325
1426879142.386,-64.01381
1426879142.402,-59.96527
1426879142.418,-54.960907
1426879142.433,-49.112846
1426879142.449,-42.62732
1426879142.465,-35.489937
1426879142.48,-27.417137
1426879142.496,-17.821175
1426879142.511,-6.1091385
1426879142.527,7.9710236
1426879142.543,23.811508
1426879142.558,40.080063
1426879142.574,55.001724
1426879142.59,67.17739
1426879142.605,76.20867
1426879142.621,83.04515
1426879142.636,89.55482
1426879142.652,97.67852
1426879142.668,108.431274
1426879142.683,121.36282
1426879142.699,134.56421
1426879142.715,145.1503
1426879142.73,150.03122
1426879142.746,146.68677
1426879142.761,133.70662
1426879142.777,111.22649
1426879142.793,80.987495
1426879142.808,46.08837
1426879142.824,10.24791
1426879142.84,-22.893269
1426879142.855,-50.653645
1426879142.871,-71.48412
1426879142.886,-85.05242
1426879142.902,-91.792206
1426879142.918,-92.59317
1426879142.933,-88.51904
1426879142.949,-80.95458
1426879142.965,-71.53351
1426879142.98,-62.016674
1426879142.996,-53.95572
1426879143.011,-48.322926
1426879143.027,-45.316902
1426879143.043,-44.686424
1426879143.058,-45.790173
1426879143.074,-48.055748
1426879143.09,-50.90238
1426879143.105,-53.807022
1426879143.121,-56.224
1426879143.136,-57.70302
1426879143.152,-57.90261
1426879143.168,-56.655563
1426879143.183,-53.775497
1426879143.199,-49.0674
1426879143.215,-42.40454
1426879143.23,-33.940212
1426879143.246,-24.229729
1426879143.261,-14.206739
1426879143.277,-4.8943844
1426879143.293,3.0601597
1426879143.308,9.774623
1426879143.324,16.125149
1426879143.34,23.470318
1426879143.355,32.876965
1426879143.371,44.870277
1426879143.386,59.162285
1426879143.402,74.97984
1426879143.418,91.358315
1426879143.433,107.2857
1426879143.449,121.496445
1426879143.465,132.249
1426879143.48,137.28484
1426879143.496,134.33073
1426879143.512,121.9774
1426879143.527,100.55603
1426879143.543,72.2646
1426879143.558,40.896503
1426879143.574,10.519739
1426879143.59,-15.684475
1426879143.605,-36.16446
1426879143.621,-50.960705
1426879143.637,-61.122852
1426879143.652,-67.92096
1426879143.668,-72.39445
1426879143.683,-75.051865
1426879143.699,-76.00154
1426879143.715,-75.16461
1426879143.73,-72.50669
1426879143.746,-68.20763
1426879143.762,-62.80086
1426879143.777,-57.093983
1426879143.793,-51.976494
1426879143.808,-48.074165
1426879143.824,-45.587685
1426879143.84,-44.128105
1426879143.855,-43.05668
1426879143.871,-41.794777
1426879143.887,-40.036568
1426879143.902,-37.824543
1426879143.918,-35.331657
1426879143.933,-32.63733
1426879143.949,-29.62252
1426879143.965,-25.917168
1426879143.98,-21.040771
1426879143.996,-14.545456
1426879144.012,-6.1923294
1426879144.027,3.988739
1426879144.043,15.457558
1426879144.058,27.363434
1426879144.074,38.742287
1426879144.09,48.915512
1426879144.105,57.845215
1426879144.121,66.21395
1426879144.137,75.18452
1426879144.152,85.89209
1426879144.168,98.82433
1426879144.183,113.33096
1426879144.199,127.55879
1426879144.215,138.73375
1426879144.23,143.86577
1426879144.246,140.61545
1426879144.262,128.03914
1426879144.277,106.958084
1426879144.293,79.77357
1426879144.308,49.868652
1426879144.324,20.537888
1426879144.34,-5.651573
1426879144.355,-27.315407
1426879144.371,-44.13453
1426879144.387,-56.433266
1426879144.402,-64.70844
1426879144.418,-69.49427
1426879144.433,-71.20834
1426879144.449,-70.36376
1426879144.465,-67.60975
1426879144.48,-63.634987
1426879144.496,-59.0523
1426879144.512,-54.326836
1426879144.527,-49.82666
1426879144.543,-45.884247
1426879144.558,-42.759552
1426879144.574,-40.579124
1426879144.59,-39.13024
1426879144.605,-37.912613
1426879144.621,-36.274574
1426879144.637,-33.72055
1426879144.652,-30.105522
1426879144.668,-25.647575
1426879144.683,-20.684235
1426879144.699,-15.412788
1426879144.715,-9.722893
1426879144.73,-3.3175507
1426879144.746,3.966179
1426879144.762,11.952843
1426879144.777,20.085312
1426879144.793,27.675194
1426879144.808,34.229492
1426879144.824,39.680397
1426879144.84,44.370377
1426879144.855,48.92057
1426879144.871,54.048073
1426879144.887,60.4721
1426879144.902,68.89568
1426879144.918,79.73708
1426879144.933,92.97663
1426879144.949,107.64218
1426879144.965,121.77352
1426879144.98,132.48117
1426879144.996,136.68167
1426879145.012,132.02411
1426879145.027,117.77031
1426879145.043,95.02411
1426879145.058,66.50557
1426879145.074,35.511307
1426879145.09,5.1466064
1426879145.105,-22.29802
1426879145.121,-45.431534
1426879145.137,-63.576103
1426879145.152,-76.53253
1426879145.168,-84.60907
1426879145.183,-88.625824
1426879145.199,-89.834015
1426879145.215,-89.560524
1426879145.23,-88.71112
1426879145.246,-87.47512
1426879145.262,-85.4492
1426879145.277,-82.05259
1426879145.293,-77.10258
1426879145.308,-71.04512
1426879145.324,-64.82765
1426879145.34,-59.42579
1426879145.355,-55.438354
1426879145.371,-52.930336
1426879145.387,-51.569935
1426879145.402,-50.889034
1426879145.418,-50.421482
1426879145.433,-49.5947
1426879145.449,-47.817024
1426879145.465,-44.279198
1426879145.48,-38.312775
1426879145.496,-29.65321
1426879145.512,-18.695202
1426879145.527,-6.391266
1426879145.543,5.9411583
1426879145.558,17.287071
1426879145.574,27.183395
1426879145.59,35.95694
1426879145.605,44.557842
1426879145.621,54.182068
1426879145.637,65.784836
1426879145.652,79.67226
1426879145.668,95.14065
1426879145.683,110.359406
1426879145.699,122.61214
1426879145.715,128.8633
1426879145.73,126.62846
1426879145.746,114.84764
1426879145.762,94.30936
1426879145.777,67.534294
1426879145.793,37.99584
1426879145.808,9.144093
1426879145.824,-16.497952
1426879145.84,-37.65756
1426879145.855,-54.128563
1426879145.871,-66.29602
1426879145.887,-74.61422
1426879145.902,-79.41594
1426879145.918,-80.957855
1426879145.933,-79.577545
1426879145.949,-75.88187
1426879145.965,-70.68759
1426879145.98,-64.877884
1426879145.996,-59.19914
1426879146.012,-54.106323
1426879146.027,-49.68901
1426879146.043,-45.827232
1426879146.058,-42.33973
1426879146.074,-39.1615
1426879146.09,-36.41455
1426879146.105,-34.30156
1426879146.121,-32.874893
1426879146.137,-31.860191
1426879146.152,-30.612091
1426879146.168,-28.296097
1426879146.184,-24.216202
1426879146.199,-18.137772
1426879146.215,-10.405708
1426879146.23,-1.8204422
1426879146.246,6.752083
1426879146.262,14.720726
1426879146.277,22.03543
1426879146.293,29.127495
1426879146.309,36.778442
1426879146.324,45.771202
1426879146.34,56.708206
1426879146.355,69.71461
1426879146.371,84.30259
1426879146.387,99.05119
1426879146.402,111.76359
1426879146.418,119.67325
1426879146.434,120.19242
1426879146.449,111.779015
1426879146.465,94.622246
1426879146.48,70.69153
1426879146.496,43.164627
1426879146.512,15.373062
1426879146.527,-10.039612
1426879146.543,-31.563194
1426879146.559,-48.62774
1426879146.574,-61.13288
1426879146.59,-69.07697
1426879146.605,-72.54987
1426879146.621,-71.885765
1426879146.637,-67.892426
1426879146.652,-61.742905
1426879146.668,-54.70649
1426879146.684,-47.71855
1426879146.699,-41.29071
1426879146.715,-35.584625
1426879146.73,-30.684662
1426879146.746,-26.765907
1426879146.762,-24.05857
1426879146.777,-22.650139
1426879146.793,-22.295097
1426879146.809,-22.323318
1426879146.824,-21.852364
1426879146.84,-20.043198
1426879146.855,-16.404373
1426879146.871,-10.827858
1426879146.887,-3.7153778
1426879146.902,4.383911
1426879146.918,12.876495
1426879146.934,21.394165
1426879146.949,29.905655
1426879146.965,38.74183
1426879146.98,48.496284
1426879146.996,59.814613
1426879147.012,72.98806
1426879147.027,87.57376
1426879147.043,102.08632
1426879147.059,114.0721
1426879147.074,120.554276
1426879147.09,118.937614
1426879147.105,107.890564
1426879147.121,87.93145
1426879147.137,61.415436
1426879147.152,31.824135
1426879147.168,2.771534
1426879147.184,-22.917656
1426879147.199,-43.687073
1426879147.215,-59.19894
1426879147.23,-69.92755
1426879147.246,-76.62134
1426879147.262,-80.0004
1426879147.277,-80.5966
1426879147.293,-78.88953
1426879147.309,-75.33403
1426879147.324,-70.456604
1426879147.34,-64.79947
1426879147.355,-58.870766
1426879147.371,-53.070824
1426879147.387,-47.718166
1426879147.402,-43.01591
1426879147.418,-39.088036
1426879147.434,-35.9456
1426879147.449,-33.46405
1426879147.465,-31.291172
1426879147.48,-28.898804
1426879147.496,-25.647728
1426879147.512,-20.983059
1426879147.527,-14.616707
1426879147.543,-6.6424217
1426879147.559,2.5040474
1426879147.574,12.169857
1426879147.59,21.805035
1426879147.605,31.191189
1426879147.621,40.58497
1426879147.637,50.6896
1426879147.652,62.38483
1426879147.668,76.25723
1426879147.684,92.07048
1426879147.699,108.37485
1426879147.715,122.51879
1426879147.73,131.18336
1426879147.746,131.36612
1426879147.762,121.41409
1426879147.777,101.71121
1426879147.793,74.64331
1426879147.809,43.865788
1426879147.824,13.174221
1426879147.84,-14.513863
1426879147.855,-37.665504
1426879147.871,-55.996643
1426879147.887,-69.98307
1426879147.902,-80.23546
1426879147.918,-87.14552
1426879147.934,-90.86832
1426879147.949,-91.57221
1426879147.965,-89.62116
1426879147.98,-85.69252
1426879147.996,-80.64911
1426879148.012,-75.31572
1426879148.027,-70.23378
1426879148.043,-65.60341
1426879148.059,-61.305607
1426879148.074,-57.111534
1426879148.09,-52.90324
1426879148.105,-48.78988
1426879148.121,-45.0708
1426879148.137,-42.030487
1426879148.152,-39.659733
1426879148.168,-37.518173
1426879148.184,-34.770172
1426879148.199,-30.487505
1426879148.215,-23.956848
1426879148.23,-15.07538
1426879148.246,-4.3920784
1426879148.262,7.068264
1426879148.277,18.200434
1426879148.293,28.228624
1426879148.309,36.96551
1426879148.324,44.799694
1426879148.34,52.501606
1426879148.355,61.006607
1426879148.371,71.130135
1426879148.387,83.36099
1426879148.402,97.58417
1426879148.418,112.745255
1426879148.434,126.773346
1426879148.449,136.72255
1426879148.465,139.50763
1426879148.48,132.80563
1426879148.496,116.04332
1426879148.512,90.65764
1426879148.527,59.805843
1426879148.543,27.359098
1426879148.559,-3.1837978
1426879148.574,-29.521595
1426879148.59,-50.752853
1426879148.605,-67.077835
1426879148.621,-79.1892
1426879148.637,-87.770935
1426879148.652,-93.258766
1426879148.668,-95.86117
1426879148.684,-95.74843
1426879148.699,-93.27956
1426879148.715,-89.04562
1426879148.73,-83.85011
1426879148.746,-78.51005
1426879148.762,-73.671936
1426879148.777,-69.64145
1426879148.793,-66.39823
1426879148.809,-63.688446
1426879148.824,-61.217976
1426879148.84,-58.77876
1426879148.856,-56.26974
1426879148.871,-53.65768
1426879148.887,-50.87293
1426879148.902,-47.736984
1426879148.918,-44.015972
1426879148.934,-39.4301
1426879148.949,-33.740643
1426879148.965,-26.772781
1426879148.98,-18.499596
1426879148.996,-9.083008
1426879149.012,1.102066
1426879149.027,11.525787
1426879149.043,21.609032
1426879149.059,30.947765
1426879149.074,39.427914
1426879149.09,47.303005
1426879149.106,55.117477
1426879149.121,63.620922
1426879149.137,73.5322
1426879149.152,85.29706
1426879149.168,98.78989
1426879149.184,112.99882
1426879149.199,125.90291
1426879149.215,134.71788
1426879149.231,136.51416
1426879149.246,129.15565
1426879149.262,112.12891
1426879149.277,86.87249
1426879149.293,56.448708
1426879149.309,24.668777
1426879149.324,-5.0456467
1426879149.34,-30.411613
1426879149.356,-50.541862
1426879149.371,-65.63029
1426879149.387,-76.42468
1426879149.402,-83.670525
1426879149.418,-87.90764
1426879149.434,-89.45232
1426879149.449,-88.610085
1426879149.465,-85.81115
1426879149.481,-81.66561
1426879149.496,-76.85056
1426879149.512,-71.981995
1426879149.527,-67.49756
1426879149.543,-63.630165
1426879149.559,-60.419144
1426879149.574,-57.823837
1426879149.59,-55.71805
1426879149.606,-53.946762
1426879149.621,-52.29592
1426879149.637,-50.494774
1426879149.652,-48.229607
1426879149.668,-45.199394
1426879149.684,-41.186226
1426879149.699,-36.094727
1426879149.715,-29.928635
1426879149.731,-22.78376
1426879149.746,-14.76284
1426879149.762,-5.989914
1426879149.777,3.421402
1426879149.793,13.272247
1426879149.809,23.334084
1426879149.824,33.299408
1426879149.84,42.89824
1426879149.856,51.960632
1426879149.871,60.547043
1426879149.887,69.00943
1426879149.902,77.95053
1426879149.918,88.08714
1426879149.934,99.87717
1426879149.949,113.079605
1426879149.965,126.44331
1426879149.981,137.66324
1426879149.996,143.82596
1426879150.012,142.23358
1426879150.027,131.32239
1426879150.043,111.346375
1426879150.059,84.421585
1426879150.074,53.916733
1426879150.09,23.472137
1426879150.106,-3.982788
1426879150.121,-26.715057
1426879150.137,-44.299088
1426879150.152,-57.100174
1426879150.168,-65.80769
1426879150.184,-70.998245
1426879150.199,-73.08829
1426879150.215,-72.40419
1426879150.231,-69.41002
1426879150.246,-64.780716
1426879150.262,-59.37593
1426879150.277,-54.059998
1426879150.293,-49.492172
1426879150.309,-45.99803
1426879150.324,-43.51259
1426879150.34,-41.72522
1426879150.356,-40.254105
1426879150.371,-38.831406
1426879150.387,-37.412537
1426879150.402,-36.096207
1426879150.418,-35.020767
1426879150.434,-34.06726
1426879150.449,-32.82419
1426879150.465,-30.555511
1426879150.481,-26.519669
1426879150.496,-20.176086
1426879150.512,-11.548599
1426879150.527,-1.232132
1426879150.543,9.753403
1426879150.559,20.347626
1426879150.574,29.837875
1426879150.59,38.085693
1426879150.606,45.5036
1426879150.621,52.85176
1426879150.637,60.966385
1426879150.652,70.497925
1426879150.668,81.739105
1426879150.684,94.46948
1426879150.699,107.74565
1426879150.715,119.809265
1426879150.731,128.2346
1426879150.746,130.43465
1426879150.762,124.369125
1426879150.777,109.36943
1426879150.793,86.50426
1426879150.809,58.40454
1426879150.824,28.55368
1426879150.84,0.26583862
1426879150.856,-24.099548
1426879150.871,-43.443665
1426879150.887,-57.73909
1426879150.902,-67.510666
1426879150.918,-73.36279
1426879150.934,-75.75249
1426879150.949,-75.06406
1426879150.965,-71.756
1426879150.981,-66.54443
1426879150.996,-60.383545
1426879151.012,-54.268387
1426879151.027,-48.959747
1426879151.043,-44.78598
1426879151.059,-41.624252
1426879151.074,-39.08107
1426879151.09,-36.767197
1426879151.106,-34.52928
1426879151.121,-32.502792
1426879151.137,-30.973312
1426879151.152,-30.038055
1426879151.168,-29.416214
1426879151.184,-28.359833
1426879151.199,-25.859375
1426879151.215,-21.039902
1426879151.231,-13.565369
1426879151.246,-3.8086548
1426879151.262,7.2440033
1426879151.277,18.399445
1426879151.293,28.681808
1426879151.309,37.69899
1426879151.324,45.72719
1426879151.34,53.5831
1426879151.356,62.305496
1426879151.371,72.828094
1426879151.387,85.637634
1426879151.402,100.478226
1426879151.418,116.06987
1426879151.434,130.17603
1426879151.449,139.86406
1426879151.465,142.18451
1426879151.481,135.07901
1426879151.496,118.13287
1426879151.512,92.809586
1426879151.527,62.16252
1426879151.543,29.919678
1426879151.559,-0.5153656
1426879151.574,-26.813705
1426879151.59,-47.927734
1426879151.606,-63.84102
1426879151.621,-75.02437
1426879151.637,-82.04468
1426879151.652,-85.36731
1426879151.668,-85.454315
1426879151.684,-82.88556
1426879151.699,-78.47838
1426879151.715,-73.15374
1426879151.731,-67.76561
1426879151.746,-62.86032
1426879151.762,-58.60318
1426879151.778,-54.822823
1426879151.793,-51.213844
1426879151.809,-47.5802
1426879151.824,-43.981285
1426879151.84,-40.704597
1426879151.856,-38.073456
1426879151.871,-36.167656
1426879151.887,-34.643265
1426879151.903,-32.707962
1426879151.918,-29.37973
1426879151.934,-23.818909
1426879151.949,-15.698021
1426879151.965,-5.3524094
1426879151.981,6.2938614
1426879151.996,18.107407
1426879152.012,29.110176
1426879152.028,38.852493
1426879152.043,47.506813
1426879152.059,55.843414
1426879152.074,64.93262
1426879152.09,75.81537
1426879152.106,89.07505
1426879152.121,104.422104
1426879152.137,120.4524
1426879152.153,134.62372
1426879152.168,143.74316
1426879152.184,144.79395
1426879152.199,135.87535
1426879152.215,116.95695
1426879152.231,89.98358
1426879152.246,58.337486
1426879152.262,25.85566
1426879152.278,-4.244526
1426879152.293,-29.974087
1426879152.309,-50.631344
1426879152.324,-66.405365
1426879152.34,-77.790695
1426879152.356,-85.23123
1426879152.371,-89.01239
1426879152.387,-89.47691
1426879152.403,-87.19508
1426879152.418,-83.04321
1426879152.434,-78.041916
1426879152.449,-73.1111
1426879152.465,-68.76288
1426879152.481,-65.08104
1426879152.496,-61.739044
1426879152.512,-58.347572
1426879152.528,-54.683903
1426879152.543,-50.907043
1426879152.559,-47.440178
1426879152.574,-44.75705
1426879152.59,-43.03173
1426879152.606,-41.925663
1426879152.621,-40.605133
1426879152.637,-37.99727
1426879152.653,-33.153996
1426879152.668,-25.63408
1426879152.684,-15.63072
1426879152.699,-3.9406419
1426879152.715,8.3518915
1426879152.731,20.21785
1426879152.746,31.023401
1426879152.762,40.67589
1426879152.778,49.649597
1426879152.793,58.826523
1426879152.809,69.24002
1426879152.824,81.74402
1426879152.84,96.621895
1426879152.856,113.17951
1426879152.871,129.57938
1426879152.887,142.9255
1426879152.903,149.89302
1426879152.918,147.57074
1426879152.934,134.49448
1426879152.949,111.25369
1426879152.965,80.47171
1426879152.981,46.033234
1426879152.996,12.0107
1426879153.012,-18.436516
1426879153.028,-43.601406
1426879153.043,-63.195423
1426879153.059,-77.81055
1426879153.074,-88.28006
1426879153.09,-95.27549
1426879153.106,-99.19067
1426879153.121,-100.27764
1426879153.137,-98.90825
1426879153.153,-95.63216
1426879153.168,-91.1991
1426879153.184,-86.36306
1426879153.199,-81.73831
1426879153.215,-77.6258
1426879153.231,-74.08412
1426879153.246,-70.943436
1426879153.262,-68.01728
1426879153.278,-65.20183
1426879153.293,-62.524124
1426879153.309,-60.075966
1426879153.324,-57.8543
1426879153.34,-55.66871
1426879153.356,-53.065887
1426879153.371,-49.443924
1426879153.387,-44.23533
1426879153.403,-37.072052
1426879153.418,-27.9459
1426879153.434,-17.204086
1426879153.449,-5.440384
1426879153.465,6.6722336
1426879153.481,18.535606
1426879153.496,29.775131
1426879153.512,40.250458
1426879153.528,50.121323
1426879153.543,59.791786
1426879153.559,69.903564
1426879153.574,81.20517
1426879153.59,94.33412
1426879153.606,109.36814
1426879153.621,125.38846
1426879153.637,140.26553
1426879153.653,150.87634
1426879153.668,153.87283
1426879153.684,146.74654
1426879153.699,128.77615
1426879153.715,101.44092
1426879153.731,68.03448
1426879153.746,32.691704
1426879153.762,-0.77671814
1426879153.778,-29.75605
1426879153.793,-53.110023
1426879153.809,-70.90082
1426879153.824,-83.81586
1426879153.84,-92.63089
1426879153.856,-97.955154
1426879153.871,-100.207405
1426879153.887,-99.78367
1426879153.903,-97.18536
1426879153.918,-93.085014
1426879153.934,-88.24278
1426879153.949,-83.38205
1426879153.965,-79.04315
1426879153.981,-75.46641
1426879153.996,-72.628975
1426879154.012,-70.32251
1426879154.028,-68.324776
1426879154.043,-66.46238
1426879154.059,-64.669846
1426879154.074,-62.909943
1426879154.09,-61.017937
1426879154.106,-58.685066
1426879154.121,-55.434975
1426879154.137,-50.78248
1426879154.153,-44.33246
1426879154.168,-35.958054
1426879154.184,-25.797462
1426879154.199,-14.282928
1426879154.215,-1.9941101
1426879154.231,10.428368
1426879154.246,22.39515
1426879154.262,33.475952
1426879154.278,43.501556
1426879154.293,52.633377
1426879154.309,61.370903
1426879154.324,70.52037
1426879154.34,80.97094
1426879154.356,93.39083
1426879154.371,107.79236
1426879154.387,123.15357
1426879154.403,137.28342
1426879154.418,147.08496
1426879154.434,149.34036
1426879154.45,141.70909
1426879154.465,123.59547
1426879154.481,96.49723
1426879154.496,63.64467
1426879154.512,29.036713
1426879154.528,-3.6263275
1426879154.543,-31.810402
1426879154.559,-54.366646
1426879154.575,-71.3431
1426879154.59,-83.40232
1426879154.606,-91.33609
1426879154.621,-95.75958
1426879154.637,-97.078766
1426879154.653,-95.66465
1426879154.668,-92.01097
1426879154.684,-86.81469
1426879154.7,-80.908676
1426879154.715,-75.10243
1426879154.731,-69.96645
1426879154.746,-65.74059
1426879154.762,-62.371002
1426879154.778,-59.616776
1426879154.793,-57.245377
1426879154.809,-55.107193
1426879154.825,-53.14485
1426879154.84,-51.27845
1426879154.856,-49.34124
1426879154.871,-46.984962
1426879154.887,-43.77028
1426879154.903,-39.22869
1426879154.918,-33.024307
1426879154.934,-25.054977
1426879154.95,-15.52549
1426879154.965,-4.917549
1426879154.981,6.0722275
1426879154.996,16.75875
1426879155.012,26.631592
1426879155.028,35.55542
1426879155.043,43.758705
1426879155.059,51.82276
1426879155.075,60.471466
1426879155.09,70.454666
1426879155.106,82.251366
1426879155.121,95.83875
1426879155.137,110.35147
1426879155.153,123.93496
1426879155.168,133.84933
1426879155.184,137.08511
1426879155.2,131.2378
1426879155.215,115.416275
1426879155.231,90.746216
1426879155.246,60.168427
1426879155.262,27.546059
1426879155.278,-3.4080582
1426879155.293,-30.108162
1426879155.309,-51.399963
1426879155.325,-67.33539
1426879155.34,-78.537704
1426879155.356,-85.65442
1426879155.371,-89.08152
1426879155.387,-89.0596
1426879155.403,-85.97002
1426879155.418,-80.52445
1426879155.434,-73.76962
1426879155.45,-66.87158
1426879155.465,-60.815445
1426879155.481,-56.15947
1426879155.496,-52.959225
1426879155.512,-50.882584
1426879155.528,-49.399563
1426879155.543,-48.05777
1426879155.559,-46.578465
1426879155.575,-44.93624
1426879155.59,-43.194847
1426879155.606,-41.345585
1426879155.621,-39.17205
1426879155.637,-36.20142
1426879155.653,-31.84948
1426879155.668,-25.621563
1426879155.684,-17.361675
1426879155.7,-7.362795
1426879155.715,3.6554527
1426879155.731,14.779366
1426879155.746,25.200644
1426879155.762,34.462418
1426879155.778,42.60968
1426879155.793,50.101204
1426879155.809,57.678177
1426879155.825,66.11894
1426879155.84,76.05233
1426879155.856,87.79519
1426879155.871,101.14543
1426879155.887,115.16128
1426879155.903,128.0482
1426879155.918,137.25702
1426879155.934,140.00046
1426879155.95,134.0481
1426879155.965,118.54329
1426879155.981,94.476425
1426879155.996,64.56627
1426879156.012,32.48623
1426879156.028,1.8643291
1426879156.043,-24.652498
1426879156.059,-45.78984
1426879156.075,-61.497215
1426879156.09,-72.4379
1426879156.106,-79.45472
1426879156.121,-83.210495
1426879156.137,-84.20261
1426879156.153,-82.861916
1426879156.168,-79.72656
1426879156.184,-75.45803
1426879156.2,-70.737625
1426879156.215,-66.138954
1426879156.231,-62.02227
1426879156.246,-58.55818
1426879156.262,-55.81286
1426879156.278,-53.806946
1426879156.293,-52.52952
1426879156.309,-51.85251
1426879156.325,-51.486725
1426879156.34,-50.960114
1426879156.356,-49.74851
1426879156.371,-47.41275
1426879156.387,-43.729736
1426879156.403,-38.731922
1426879156.418,-32.60846
1426879156.434,-25.56459
1426879156.45,-17.725266
1426879156.465,-9.103909
1426879156.481,0.30208588
1426879156.496,10.390293
1426879156.512,20.912487
1426879156.528,31.483482
1426879156.543,41.67823
1426879156.559,51.155354
1426879156.575,59.76865
1426879156.59,67.67651
1426879156.606,75.350365
1426879156.621,83.58086
1426879156.637,93.243225
1426879156.653,104.92173
1426879156.668,118.35654
1426879156.684,132.12137
1426879156.7,143.54489
1426879156.715,149.31985
1426879156.731,146.46078
1426879156.746,133.39297
1426879156.762,110.62577
1426879156.778,80.71272
1426879156.793,47.482468
1426879156.809,14.943199
1426879156.825,-13.814972
1426879156.84,-37.135857
1426879156.856,-54.773598
1426879156.871,-67.38173
1426879156.887,-75.91381
1426879156.903,-81.176956
1426879156.918,-83.68725
1426879156.934,-83.77812
1426879156.95,-81.8041
1426879156.965,-78.233925
1426879156.981,-73.68178
1426879156.996,-68.78408
1426879157.012,-64.04444
1426879157.028,-59.78495
1426879157.043,-56.185883
1426879157.059,-53.30198
1426879157.075,-51.180115
1426879157.09,-49.776947
1426879157.106,-48.921158
1426879157.122,-48.250534
1426879157.137,-47.253906
1426879157.153,-45.38289
1426879157.168,-42.260574
1426879157.184,-37.739807
1426879157.2,-31.909271
1426879157.215,-24.969795
1426879157.231,-17.112015
1426879157.247,-8.468262
1426879157.262,0.8634033
1426879157.278,10.702492
1426879157.293,20.76873
1426879157.309,30.704826
1426879157.325,40.180893
1426879157.34,49.020645
1426879157.356,57.27585
1426879157.372,65.2582
1426879157.387,73.46079
1426879157.403,82.511734
1426879157.418,92.95349
1426879157.434,104.99343
1426879157.45,118.07486
1426879157.465,130.63126
1426879157.481,140.11505
1426879157.497,143.49692
1426879157.512,138.20554
1426879157.528,123.06375
1426879157.543,98.90106
1426879157.559,68.46277
1426879157.575,35.669273
1426879157.59,4.4861526
1426879157.606,-22.064445
1426879157.622,-42.434975
1426879157.637,-56.47901
1426879157.653,-64.97204
1426879157.668,-69.068146
1426879157.684,-69.87117
1426879157.7,-68.28537
1426879157.715,-64.98842
1426879157.731,-60.507004
1426879157.747,-55.262268
1426879157.762,-49.616257
1426879157.778,-43.89566
1426879157.793,-38.47989
1426879157.809,-33.79306
1426879157.825,-30.259476
1426879157.84,-28.237213
1426879157.856,-27.875595
1426879157.872,-29.047241
1426879157.887,-31.373543
1426879157.903,-34.280945
1426879157.918,-37.116905
1426879157.934,-39.18537
1426879157.95,-39.841232
1426879157.965,-38.48822
1426879157.981,-34.72042
1426879157.997,-28.413795
1426879158.012,-19.865883
1426879158.028,-9.767227
1426879158.043,0.91641235
1426879158.059,11.211342
1426879158.075,20.414932
1426879158.09,28.28062
1426879158.106,35.077103
1426879158.122,41.46412
1426879158.137,48.31008
1426879158.153,56.524002
1426879158.168,66.79231
1426879158.184,79.33156
1426879158.2,93.53006
1426879158.215,107.77043
1426879158.231,119.45167
1426879158.247,125.51664
1426879158.262,123.24342
1426879158.278,111.21191
1426879158.293,89.8571
1426879158.309,61.4988
1426879158.325,29.722637
1426879158.34,-1.6241302
1426879158.356,-29.371674
1426879158.372,-51.585438
1426879158.387,-67.6036
1426879158.403,-77.71276
1426879158.418,-82.69657
1426879158.434,-83.45732
1426879158.45,-80.88447
1426879158.465,-75.8376
1426879158.481,-69.13475
1426879158.497,-61.50804
1426879158.512,-53.57723
1426879158.528,-45.74939
1426879158.543,-38.280575
1426879158.559,-31.304749
1426879158.575,-25.021307
1426879158.59,-19.684654
1426879158.606,-15.609987
1426879158.622,-12.950694
1426879158.637,-11.553929
1426879158.653,-10.829559
1426879158.668,-9.824043
1426879158.684,-7.487976
1426879158.7,-3.0350623
1426879158.715,3.781159
1426879158.731,12.595561
1426879158.747,22.558666
1426879158.762,32.726635
1426879158.778,42.42061
1426879158.793,51.48408
1426879158.809,60.379486
1426879158.825,69.97691
1426879158.84,81.24662
1426879158.856,94.71436
1426879158.872,110.023056
1426879158.887,125.60515
1426879158.903,138.8231
1426879158.918,146.42757
1426879158.934,145.5239
1426879158.95,134.46515
1426879158.965,113.46518
1426879158.981,84.64195
1426879158.997,51.42227
1426879159.012,17.594929
1426879159.028,-13.6143875
1426879159.043,-40.08425
1426879159.059,-60.934006
1426879159.075,-76.23713
1426879159.09,-86.59658
1426879159.106,-92.794754
1426879159.122,-95.53173
1426879159.137,-95.354515
1426879159.153,-92.6744
1426879159.168,-87.88253
1426879159.184,-81.42122
1426879159.2,-73.93775
1426879159.215,-66.22467
1426879159.231,-59.153114
1426879159.247,-53.426224
1426879159.262,-49.391983
1426879159.278,-46.87294
1426879159.293,-45.236237
1426879159.309,-43.555527
1426879159.325,-40.907883
1426879159.34,-36.61432
1426879159.356,-30.351593
1426879159.372,-22.121887
1426879159.387,-12.152908
1426879159.403,-0.7468109
1426879159.418,11.803528
1426879159.434,25.20131
1426879159.45,39.163376
1426879159.465,53.547028
1426879159.481,68.253845
1426879159.497,83.31874
1426879159.512,98.546936
1426879159.528,113.17085
1426879159.543,125.52168
1426879159.559,133.14359
1426879159.575,133.20029
1426879159.59,123.35033
1426879159.606,102.700714
1426879159.622,72.46246
1426879159.637,35.907486
1426879159.653,-2.328415
1426879159.668,-37.705353
1426879159.684,-67.01413
1426879159.7,-89.08099
1426879159.715,-104.60936
1426879159.731,-115.29175
1426879159.747,-122.609695
1426879159.762,-127.07555
1426879159.778,-128.09596
1426879159.794,-124.52751
1426879159.809,-115.56816
1426879159.825,-101.627426
1426879159.84,-84.38408
1426879159.856,-66.453995
1426879159.872,-50.468246
1426879159.887,-38.281662
1426879159.903,-30.397507
1426879159.918,-26.135513
1426879159.934,-24.20456
1426879159.95,-23.315964
1426879159.965,-22.574982
1426879159.981,-21.672974
1426879159.997,-20.589447
1426879160.012,-19.324738
1426879160.028,-17.520782
1426879160.044,-14.696472
1426879160.059,-10.1493225
1426879160.075,-3.3882751
1426879160.09,5.871765
1426879160.106,17.68628
1426879160.122,32.050446
1426879160.137,48.67392
1426879160.153,66.87033
1426879160.169,85.073
1426879160.184,100.65518
1426879160.2,110.16403
1426879160.215,110.03952
1426879160.231,97.85971
1426879160.247,73.51517
1426879160.262,39.711548
1426879160.278,1.3635254
1426879160.294,-35.99716
1426879160.309,-67.94525
1426879160.325,-92.677704
1426879160.34,-110.74866
1426879160.356,-124.06616
1426879160.372,-134.2461
1426879160.387,-141.79575
1426879160.403,-146.00345
1426879160.419,-145.76312
1426879160.434,-140.55692
1426879160.45,-131.09827
1426879160.465,-119.171326
1426879160.481,-106.86499
1426879160.497,-95.76224
1426879160.512,-86.42555
1426879160.528,-78.416824
1426879160.544,-71.01973
1426879160.559,-63.6996
1426879160.575,-56.6429
1426879160.59,-50.59285
1426879160.606,-46.46335
1426879160.622,-44.538483
1426879160.637,-44.17856
1426879160.653,-43.93631
1426879160.669,-42.36458
1426879160.684,-38.773438
1426879160.7,-33.67842
1426879160.715,-28.273422
1426879160.731,-23.629303
1426879160.747,-19.779114
1426879160.762,-15.547928
1426879160.778,-9.082321
1426879160.794,0.9409485
1426879160.809,14.607147
1426879160.825,30.452942
1426879160.84,46.190796
1426879160.856,59.715134
1426879160.872,70.025055
1426879160.887,77.48775
1426879160.903,83.47151
1426879160.919,89.52487
1426879160.934,96.89496
1426879160.95,106.29282
1426879160.965,117.97858
1426879160.981,131.93585
1426879160.997,147.64252
1426879161.012,163.57303
1426879161.028,176.92065
1426879161.044,183.72798
1426879161.059,179.9991
1426879161.075,163.12808
1426879161.09,133.35442
1426879161.106,93.905174
1426879161.122,50.266693
1426879161.137,8.305405
1426879161.153,-27.445076
1426879161.169,-54.815887
1426879161.184,-73.83823
1426879161.2,-86.00789
1426879161.215,-93.1402
1426879161.231,-96.715675
1426879161.247,-97.68497
1426879161.262,-96.609726
1426879161.278,-93.88298
1426879161.294,-89.87038
1426879161.309,-84.92759
1426879161.325,-79.450874
1426879161.34,-73.83843
1426879161.356,-68.524796
1426879161.372,-63.92165
1426879161.387,-60.315193
1426879161.403,-57.694485
1426879161.419,-55.862392
1426879161.434,-54.461994
1426879161.45,-53.16701
1426879161.465,-51.791737
1426879161.481,-50.229885
1426879161.497,-48.349564
1426879161.512,-45.864
1426879161.528,-42.294624
1426879161.544,-37.113525
1426879161.559,-29.99922
1426879161.575,-20.916557
1426879161.59,-10.178213
1426879161.606,1.5354614
1426879161.622,13.484215
1426879161.637,24.984932
1426879161.653,35.615128
1426879161.669,45.20406
1426879161.684,53.836086
1426879161.7,61.75806
1426879161.715,69.395325
1426879161.731,77.31327
1426879161.747,86.104485
1426879161.762,96.133125
1426879161.778,107.08022
1426879161.794,117.62552
1426879161.809,125.439705
1426879161.825,127.65792
1426879161.84,121.784874
1426879161.856,106.63731
1426879161.872,82.91135
1426879161.887,53.103043
1426879161.903,20.76371
1426879161.919,-10.51577
1426879161.934,-37.98838
1426879161.95,-60.157494
1426879161.965,-76.62261
1426879161.981,-87.67961
1426879161.997,-93.842026
1426879162.012,-95.693756
1426879162.028,-93.88838
1426879162.044,-89.249695
1426879162.059,-82.83299
1426879162.075,-75.79076
1426879162.09,-69.10669
1426879162.106,-63.38098
1426879162.122,-58.693817
1426879162.137,-54.743927
1426879162.153,-51.056488
1426879162.169,-47.323853
1426879162.184,-43.544693
1426879162.2,-40.072052
1426879162.215,-37.35269
1426879162.231,-35.64624
1426879162.247,-34.72786
1426879162.262,-33.9086
1426879162.278,-32.206924
1426879162.294,-28.764175
1426879162.309,-23.180984
1426879162.325,-15.692215
1426879162.34,-7.037674
1426879162.356,1.8449554
1426879162.372,10.190964
1426879162.387,17.701996
1426879162.403,24.581985
1426879162.419,31.455566
1426879162.434,39.109863
1426879162.45,48.238953
1426879162.466,59.164246
1426879162.481,71.55136
1426879162.497,84.27652
1426879162.512,95.40915
1426879162.528,102.57614
1426879162.544,103.477905
1426879162.559,96.63074
1426879162.575,81.89902
1426879162.59,60.654327
1426879162.606,35.41617
1426879162.622,9.2387085
1426879162.637,-15.101288
1426879162.653,-35.61801
1426879162.669,-51.305176
1426879162.684,-62.01068
1426879162.7,-68.17639
1426879162.716,-70.497986
1426879162.731,-69.81073
1426879162.747,-66.95911
1426879162.762,-62.80951
1426879162.778,-58.12918
1426879162.794,-53.48459
1426879162.809,-49.091522
1426879162.825,-44.88965
1426879162.841,-40.63681
1426879162.856,-36.236786
1426879162.872,-31.928223
1426879162.887,-28.31491
1426879162.903,-26.119629
1426879162.919,-25.824677
1426879162.934,-27.307648
1426879162.95,-29.73111
1426879162.966,-31.805115
1426879162.981,-32.24475
1426879162.997,-30.292328
1426879163.012,-26.033356
1426879163.028,-20.266724
1426879163.044,-14.1779175
1426879163.059,-8.894653
1426879163.075,-5.078247
1426879163.091,-2.6657104
1426879163.106,-0.8539429
1426879163.122,1.8823853
1426879163.137,7.4802856
1426879163.153,17.798035
1426879163.169,33.905823
1426879163.184,55.487488
1426879163.2,80.5318
1426879163.216,105.659546
1426879163.231,127.05664
1426879163.247,141.62885
1426879163.262,147.97064
1426879163.278,146.65369
1426879163.294,139.6222
1426879163.309,129.27637
1426879163.325,117.44574
1426879163.341,104.96051
1426879163.356,91.83386
1426879163.372,77.84485
1426879163.387,63.045715
1426879163.403,48.006958
1426879163.419,33.555786
1426879163.434,20.403076
1426879163.45,8.856567
1426879163.466,-1.1849976
1426879163.481,-9.964661
1426879163.497,-17.637451
1426879163.512,-24.082764
1426879163.528,-29.049072
1426879163.544,-32.37091
1426879163.559,-34.16382
1426879163.575,-34.8916
1426879163.591,-35.181274
1426879163.606,-35.55768
1426879163.622,-36.18628
1426879163.637,-36.777283
1426879163.653,-36.676697
1426879163.669,-35.110657
1426879163.684,-31.534363
1426879163.7,-25.887634
1426879163.716,-18.664185
1426879163.731,-10.770691
1426879163.747,-3.183838
1426879163.762,3.38385
1426879163.778,8.809204
1426879163.794,13.601318
1426879163.809,18.71051
1426879163.825,25.19751
1426879163.841,33.774353
1426879163.856,44.387634
1426879163.872,56.01355
1426879163.887,66.70862
1426879163.903,74.043884
1426879163.919,75.767944
1426879163.934,70.55975
1426879163.95,58.518494
1426879163.966,41.240112
1426879163.981,21.307495
1426879163.997,1.5206909
1426879164.012,-15.887268
1426879164.028,-29.682251
1426879164.044,-39.59424
1426879164.059,-45.935852
1426879164.075,-49.19464
1426879164.091,-49.80713
1426879164.106,-48.14868
1426879164.122,-44.709717
1426879164.137,-40.15857
1426879164.153,-35.288025
1426879164.169,-30.77063
1426879164.184,-26.961304
1426879164.2,-23.83545
1426879164.216,-21.059021
1426879164.231,-18.302795
1426879164.247,-15.428467
1426879164.262,-12.617249
1426879164.278,-10.248047
1426879164.294,-8.719116
1426879164.309,-8.165955
1426879164.325,-8.305664
1426879164.341,-8.491699
1426879164.356,-7.9069214
1426879164.372,-5.8811646
1426879164.387,-2.1552124
1426879164.403,3.0733643
1426879164.419,9.268372
1426879164.434,15.805054
1426879164.45,22.173645
1426879164.466,28.153625
1426879164.481,33.77362
1426879164.497,39.318054
1426879164.512,45.231018
1426879164.528,52.031555
1426879164.544,60.09259
1426879164.559,69.35211
1426879164.575,78.982605
1426879164.591,87.336975
1426879164.606,92.25348
1426879164.622,91.68573
1426879164.637,84.443054
1426879164.653,70.76044
1426879164.669,52.287598
1426879164.684,31.61615
1426879164.7,11.455811
1426879164.716,-6.08844
1426879164.731,-19.888184
1426879164.747,-29.73462
1426879164.762,-36.021606
1426879164.778,-39.294495
1426879164.794,-40.05139
1426879164.809,-38.71643
1426879164.825,-35.75641
1426879164.841,-31.74353
1426879164.856,-27.350525
1426879164.872,-23.132568
1426879164.887,-19.448425
1426879164.903,-16.32898
1426879164.919,-13.630737
1426879164.934,-11.184387
1426879164.95,-8.976379
1426879164.966,-7.159973
1426879164.981,-5.930908
1426879164.997,-5.3341064
1426879165.012,-5.154907
1426879165.028,-4.932129
1426879165.044,-4.110718
1426879165.059,-2.2351685
1426879165.075,0.8864136
1426879165.091,5.192444
1426879165.106,10.381531
1426879165.122,16.047485
1426879165.137,21.783875
1426879165.153,27.322876
1426879165.169,32.610718
1426879165.184,37.92383
1426879165.2,43.800537
1426879165.216,50.901245
1426879165.231,59.63446
1426879165.247,69.81653
1426879165.262,80.36426
1426879165.278,89.352356
1426879165.294,94.43793
1426879165.309,93.550476
1426879165.325,85.62091
1426879165.341,71.0484
1426879165.356,51.630066
1426879165.372,30.114563
1426879165.388,9.335388
1426879165.403,-8.502563
1426879165.419,-22.245117
1426879165.434,-31.759949
1426879165.45,-37.627625
1426879165.466,-40.616028
1426879165.481,-41.36682
1426879165.497,-40.32257
1426879165.513,-37.766113
1426879165.528,-33.952454
1426879165.544,-29.223572
1426879165.559,-23.97705
1426879165.575,-18.666077
1426879165.591,-13.688293
1426879165.606,-9.371643
1426879165.622,-5.9397583
1426879165.638,-3.4880981
1426879165.653,-1.9282227
1426879165.669,-1.0077515
1426879165.684,-0.33898926
1426879165.7,0.5140991
1426879165.716,1.9147949
1426879165.731,4.095886
1426879165.747,7.1516724
1426879165.763,11.026794
1426879165.778,15.590759
1426879165.794,20.717773
1426879165.809,26.394226
1426879165.825,32.740967
1426879165.841,40.088623
1426879165.856,48.78827
1426879165.872,59.026978
1426879165.888,70.39856
1426879165.903,81.742004
1426879165.919,91.08856
1426879165.934,96.09552
1426879165.95,94.70581
1426879165.966,85.85852
1426879165.981,69.97705
1426879165.997,48.898804
1426879166.013,25.4245
1426879166.028,2.4889526
1426879166.044,-17.56018
1426879166.059,-33.370483
1426879166.075,-44.647522
1426879166.091,-51.780273
1426879166.106,-55.450928
1426879166.122,-56.281616
1426879166.138,-54.749146
1426879166.153,-51.196106
1426879166.169,-46.029724
1426879166.184,-39.762573
1426879166.2,-33.032166
1426879166.216,-26.50586
1426879166.231,-20.752808
1426879166.247,-16.098999
1426879166.263,-12.609924
1426879166.278,-10.084656
1426879166.294,-8.150818
1426879166.309,-6.366089
1426879166.325,-4.3674316
1426879166.341,-1.8911743
1426879166.356,1.1393433
1426879166.372,4.72348
1426879166.388,8.804932
1426879166.403,13.418396
1426879166.419,18.695953
1426879166.434,24.89853
1426879166.45,32.33609
1426879166.466,41.3403
1426879166.481,52.156036
1426879166.497,64.74243
1426879166.513,78.55023
1426879166.528,92.264984
1426879166.544,103.7688
1426879166.559,110.44379
1426879166.575,109.844696
1426879166.591,100.509735
1426879166.606,82.57709
1426879166.622,57.919525
1426879166.638,29.656158
1426879166.653,1.3098145
1426879166.669,-24.119812
1426879166.684,-44.730774
1426879166.7,-59.85202
1426879166.716,-69.70401
1426879166.731,-75.004456
1426879166.747,-76.56177
1426879166.763,-75.15115
1426879166.778,-71.48688
1426879166.794,-66.30969
1426879166.809,-60.36502
1426879166.825,-54.328217
1426879166.841,-48.70517
1426879166.856,-43.77957
1426879166.872,-39.634064
1426879166.888,-36.292236
1426879166.903,-33.733154
1426879166.919,-31.980621
1426879166.934,-30.928253
1426879166.95,-30.278488
1426879166.966,-29.434067
1426879166.981,-27.662048
1426879166.997,-24.241486
1426879167.013,-18.798355
1426879167.028,-11.4198
1426879167.044,-2.6175537
1426879167.059,6.8929596
1426879167.075,16.453018
1426879167.091,25.778488
1426879167.106,35.08354
1426879167.122,45.039383
1426879167.138,56.5278
1426879167.153,70.230835
1426879167.169,86.07384
1426879167.184,102.82391
1426879167.2,117.975525
1426879167.216,128.22308
1426879167.231,130.30536
1426879167.247,122.08182
1426879167.263,103.33563
1426879167.278,75.99132
1426879167.294,43.51976
1426879167.309,10.003059
1426879167.325,-21.017853
1426879167.341,-47.179825
1426879167.356,-67.4866
1426879167.372,-81.95578
1426879167.388,-91.137566
1426879167.403,-95.71857
1426879167.419,-96.393
1426879167.434,-93.86841
1426879167.45,-88.99157
1426879167.466,-82.76773
1426879167.481,-76.210304
1426879167.497,-70.14139
1426879167.513,-65.02614
1426879167.528,-60.914474
1426879167.544,-57.57383
1426879167.559,-54.72505
1426879167.575,-52.272205
1426879167.591,-50.32635
1426879167.606,-49.050426
1426879167.622,-48.393265
1426879167.638,-47.89767
1426879167.653,-46.646557
1426879167.669,-43.5775
1426879167.684,-37.841236
1426879167.7,-29.238693
1426879167.716,-18.32087
1426879167.731,-6.2273483
1426879167.747,5.7654877
1426879167.763,16.735458
1426879167.778,26.49778
1426879167.794,35.609047
1426879167.809,45.190147
1426879167.825,56.51001
1426879167.841,70.5206
1426879167.856,87.3642
1426879167.872,105.99025
1426879167.888,124.01898
1426879167.903,138.0116
1426879167.919,144.21524
1426879167.934,139.62637
1426879167.95,123.06207
1426879167.966,95.70508
1426879167.981,60.91835
1426879167.997,23.275696
1426879168.013,-12.725891
1426879168.028,-43.72049
1426879168.044,-67.97435
1426879168.06,-85.19574
1426879168.075,-95.978836
1426879168.091,-101.22183
1426879168.106,-101.846924
1426879168.122,-98.771576
1426879168.138,-93.03471
1426879168.153,-85.77141
1426879168.169,-78.076096
1426879168.185,-70.7863
1426879168.2,-64.33588
1426879168.216,-58.828766
1426879168.231,-54.21927
1426879168.247,-50.53955
1426879168.263,-47.96579
1426879168.278,-46.693787
1426879168.294,-46.676697
1426879168.31,-47.393982
1426879168.325,-47.88739
1426879168.341,-46.993652
1426879168.356,-43.768585
1426879168.372,-37.840576
1426879168.388,-29.557007
1426879168.403,-19.791473
1426879168.419,-9.575806
1426879168.435,0.2999878
1426879168.45,9.550812
1426879168.466,18.513062
1426879168.481,28.046173
1426879168.497,39.263824
1426879168.513,53.11963
1426879168.528,69.85007
1426879168.544,88.44504
1426879168.56,106.414276
1426879168.575,120.09262
1426879168.591,125.56186
1426879168.606,119.86426
1426879168.622,102.11954
1426879168.638,73.938416
1426879168.653,39.016113
1426879168.669,1.9661865
1426879168.685,-32.9162
1426879168.7,-62.628143
1426879168.716,-85.74075
1426879168.731,-102.10538
1426879168.747,-112.297455
1426879168.763,-117.13379
1426879168.778,-117.47702
1426879168.794,-114.215485
1426879168.81,-108.35272
1426879168.825,-100.98959
1426879168.841,-93.161255
1426879168.856,-85.67099
1426879168.872,-78.95285
1426879168.888,-73.11011
1426879168.903,-68.07959
1426879168.919,-63.815735
1426879168.935,-60.376892
1426879168.95,-57.923584
1426879168.966,-56.520874
1426879168.981,-55.91577
1426879168.997,-55.38571
1426879169.013,-53.883087
1426879169.028,-50.24701
1426879169.044,-43.684235
1426879169.06,-34.041504
1426879169.075,-21.921967
1426879169.091,-8.428528
1426879169.106,5.2884827
1426879169.122,18.464813
1426879169.138,31.007141
1426879169.153,43.529633
1426879169.169,57.072144
1426879169.185,72.668274
1426879169.2,90.814514
1426879169.216,110.96509
1426879169.231,131.2146
1426879169.247,148.3854
1426879169.263,158.58038
1426879169.278,158.211
1426879169.294,145.19434
1426879169.31,119.79904
1426879169.325,84.77966
1426879169.341,44.718353
1426879169.356,4.673889
1426879169.372,-31.135773
1426879169.388,-60.223206
1426879169.403,-81.91196
1426879169.419,-96.84152
1426879169.435,-106.12244
1426879169.45,-110.806885
1426879169.466,-111.597015
1426879169.481,-109.05325
1426879169.497,-103.84433
1426879169.513,-96.927734
1426879169.528,-89.44913
1426879169.544,-82.51703
1426879169.56,-76.85712
1426879169.575,-72.66046
1426879169.591,-69.62854
1426879169.606,-67.22269
1426879169.622,-64.94418
1426879169.638,-62.552032
1426879169.653,-60.12375
1426879169.669,-57.915222
1426879169.685,-56.070404
1426879169.7,-54.458435
1426879169.716,-52.52124
1426879169.731,-49.414856
1426879169.747,-44.246857
1426879169.763,-36.46225
1426879169.778,-26.10495
1426879169.794,-13.893646
1426879169.81,-0.9689636
1426879169.825,11.490448
1426879169.841,22.728638
1426879169.856,32.647247
1426879169.872,41.814514
1426879169.888,51.20108
1426879169.903,61.84836
1426879169.919,74.5311
1426879169.935,89.481445
1426879169.95,106.1189
1426879169.966,122.88397
1426879169.981,137.22897
1426879169.997,145.96469
1426879170.013,145.9898
1426879170.028,135.2836
1426879170.044,113.72296
1426879170.06,83.34177
1426879170.075,47.857452
1426879170.091,11.64447
1426879170.106,-21.457031
1426879170.122,-48.93866
1426879170.138,-69.85962
1426879170.153,-84.46582
1426879170.169,-93.63544
1426879170.185,-98.306
1426879170.2,-99.26926
1426879170.216,-97.16409
1426879170.231,-92.64566
1426879170.247,-86.45355
1426879170.263,-79.44632
1426879170.278,-72.466
1426879170.294,-66.20422
1426879170.31,-61.052124
1426879170.325,-57.08441
1426879170.341,-54.021454
1426879170.356,-51.35428
1426879170.372,-48.50354
1426879170.388,-44.92093
1426879170.403,-40.235687
1426879170.419,-34.32132
1426879170.435,-27.302979
1426879170.45,-19.51419
1426879170.466,-11.3923645
1426879170.481,-3.3526306
1426879170.497,4.348999
1426879170.513,11.649353
1426879170.528,18.648224
1426879170.544,25.49347
1426879170.56,32.299713
1426879170.575,39.029205
1426879170.591,45.548187
1426879170.606,51.675415
1426879170.622,57.321045
1426879170.638,62.54236
1426879170.653,67.64758
1426879170.669,73.240906
1426879170.685,80.14868
1426879170.7,89.25748
1426879170.716,101.10376
1426879170.732,115.32016
1426879170.747,130.3075
1426879170.763,143.13431
1426879170.778,150.1399
1426879170.794,147.95065
1426879170.81,134.6748
1426879170.825,110.618256
1426879170.841,78.33374
1426879170.856,41.88022
1426879170.872,5.654999
1426879170.888,-26.73059
1426879170.903,-53.085938
1426879170.919,-72.75345
1426879170.935,-86.19449
1426879170.95,-94.50455
1426879170.966,-98.915405
1426879170.982,-100.54642
1426879170.997,-100.28601
1426879171.013,-98.77484
1426879171.028,-96.44449
1426879171.044,-93.541626
1426879171.06,-90.193085
1426879171.075,-86.48532
1426879171.091,-82.48364
1426879171.107,-78.30417
1426879171.122,-74.103424
1426879171.138,-70.028015
1426879171.153,-66.19272
1426879171.169,-62.59485
1426879171.185,-59.13626
1426879171.2,-55.641785
1426879171.216,-51.86508
1426879171.232,-47.593903
1426879171.247,-42.61905
1426879171.263,-36.750397
1426879171.278,-29.782745
1426879171.294,-21.561493
1426879171.31,-12.0616455
1426879171.325,-1.4802551
1426879171.341,9.760345
1426879171.357,21.083221
1426879171.372,31.97464
1426879171.388,42.14203
1426879171.403,51.615173
1426879171.419,60.651917
1426879171.435,69.71454
1426879171.45,79.32941
1426879171.466,90.01071
1426879171.482,102.12085
1426879171.497,115.56192
1426879171.513,129.38382
1426879171.528,141.55325
1426879171.544,149.09421
1426879171.56,148.82535
1426879171.575,138.42453
1426879171.591,117.43579
1426879171.607,87.659424
1426879171.622,52.724243
1426879171.638,16.996948
1426879171.653,-15.689026
1426879171.669,-42.89218
1426879171.685,-63.74588
1426879171.7,-78.57123
1426879171.716,-88.2202
1426879171.732,-93.49016
1426879171.747,-94.98024
1426879171.763,-93.16368
1426879171.778,-88.604706
1426879171.794,-82.08865
1426879171.81,-74.560104
1426879171.825,-66.995575
1426879171.841,-60.17842
1426879171.857,-54.583725
1426879171.872,-50.35959
1426879171.888,-47.40297
1426879171.903,-45.438614
1426879171.919,-44.153763
1426879171.935,-43.238327
1426879171.95,-42.39772
1426879171.966,-41.369568
1426879171.982,-39.912308
1426879171.997,-37.818954
1426879172.013,-34.92479
1426879172.028,-31.085556
1426879172.044,-26.164276
1426879172.06,-20.001892
1426879172.075,-12.542801
1426879172.091,-3.8513184
1426879172.107,5.7970123
1426879172.122,15.945023
1426879172.138,26.06984
1426879172.153,35.732834
1426879172.169,44.696625
1426879172.185,53.02762
1426879172.2,61.07968
1426879172.216,69.448044
1426879172.232,78.828064
1426879172.247,89.785126
1426879172.263,102.36821
1426879172.278,115.765045
1426879172.294,128.05904
1426879172.31,136.45427
1426879172.325,137.9198
1426879172.341,130.15839
1426879172.357,112.46915
1426879172.372,86.18211
1426879172.388,54.294205
1426879172.403,20.686966
1426879172.419,-11.024994
1426879172.435,-38.23912
1426879172.45,-59.689804
1426879172.466,-75.22664
1426879172.482,-85.30652
1426879172.497,-90.60211
1426879172.513,-91.73616
1426879172.528,-89.33925
1426879172.544,-84.146194
1426879172.56,-77.09572
1426879172.575,-69.27693
1426879172.591,-61.73201
1426879172.607,-55.27057
1426879172.622,-50.310745
1426879172.638,-46.86438
1426879172.653,-44.642197
1426879172.669,-43.253723
1426879172.685,-42.32402
1426879172.7,-41.619736
1426879172.716,-41.005356
1426879172.732,-40.372513
1426879172.747,-39.515884
1426879172.763,-38.126236
1426879172.778,-35.79418
1426879172.794,-32.128113
1426879172.81,-26.850006
1426879172.825,-19.872108
1426879172.841,-11.334488
1426879172.857,-1.5914612
1426879172.872,8.888451
1426879172.888,19.555382
1426879172.903,29.950317
1426879172.919,39.788567
1426879172.935,49.05152
1426879172.95,57.990036
1426879172.966,67.12181
1426879172.982,77.11112
1426879172.997,88.616554
1426879173.013,101.93995
1426879173.028,116.677864
1426879173.044,131.36594
1426879173.06,143.46329
1426879173.075,149.76572
1426879173.091,147.28238
1426879173.107,134.2853
1426879173.122,111.06683
1426879173.138,80.04392
1426879173.153,45.108833
1426879173.169,10.5247345
1426879173.185,-20.228806
1426879173.2,-45.10386
1426879173.216,-63.503876
1426879173.232,-75.87322
1426879173.247,-83.05095
1426879173.263,-85.9122
1426879173.278,-85.18067
1426879173.294,-81.538666
1426879173.31,-75.75347
1426879173.325,-68.72795
1426879173.341,-61.41964
1426879173.357,-54.698227
1426879173.372,-49.13172
1426879173.388,-44.990173
1426879173.404,-42.209
1426879173.419,-40.521843
1426879173.435,-39.58235
1426879173.45,-39.10247
1426879173.466,-38.88623
1426879173.482,-38.804016
1426879173.497,-38.71022
1426879173.513,-38.350204
1426879173.528,-37.294357
1426879173.544,-35.041466
1426879173.56,-31.064396
1426879173.575,-25.068413
1426879173.591,-17.033016
1426879173.607,-7.3079185
1426879173.622,3.5163536
1426879173.638,14.766006
1426879173.654,25.861595
1426879173.669,36.42145
1426879173.685,46.349834
1426879173.7,55.744896
1426879173.716,64.92984
1426879173.732,74.4178
1426879173.747,84.90707
1426879173.763,97.066864
1426879173.779,111.162834
1426879173.794,126.52518
1426879173.81,141.22873
1426879173.825,152.20557
1426879173.841,155.92656
1426879173.857,149.52206
1426879173.872,131.84396
1426879173.888,104.049934
1426879173.904,69.36182
1426879173.919,32.12568
1426879173.935,-3.3955803
1426879173.95,-34.031265
1426879173.966,-58.106686
1426879173.982,-75.334335
1426879173.997,-86.28438
1426879174.013,-91.91442
1426879174.029,-93.246
1426879174.044,-91.27429
1426879174.06,-86.97781
1426879174.075,-81.335304
1426879174.091,-75.224785
1426879174.107,-69.30351
1426879174.122,-63.97194
1426879174.138,-59.365356
1426879174.154,-55.463768
1426879174.169,-52.28645
1426879174.185,-49.94268
1426879174.2,-48.654865
1426879174.216,-48.5404
1426879174.232,-49.497368
1426879174.247,-51.00503
1426879174.263,-52.240555
1426879174.279,-52.29815
1426879174.294,-50.52796
1426879174.31,-46.74753
1426879174.325,-41.276623
1426879174.341,-34.667698
1426879174.357,-27.40968
1426879174.372,-19.678085
1426879174.388,-11.30798
1426879174.404,-2.038929
1426879174.419,8.255119
1426879174.435,19.389687
1426879174.45,30.839127
1426879174.466,41.98554
1426879174.482,52.34462
1426879174.497,61.80629
1426879174.513,70.68941
1426879174.529,79.72765
1426879174.544,89.85573
1426879174.56,101.9487
1426879174.575,116.34161
1426879174.591,132.37993
1426879174.607,148.13885
1426879174.622,160.53311
1426879174.638,165.95255
1426879174.654,161.30272
1426879174.669,145.07062
1426879174.685,117.97322
1426879174.7,82.87312
1426879174.716,44.034065
1426879174.732,5.9397316
1426879174.747,-27.733017
1426879174.763,-54.780426
1426879174.779,-74.47534
1426879174.794,-87.26427
1426879174.81,-94.199104
1426879174.825,-96.550095
1426879174.841,-95.496506
1426879174.857,-92.057144
1426879174.872,-87.0703
1426879174.888,-81.19912
1426879174.904,-74.98925
1426879174.919,-68.8526
1426879174.935,-63.12062
1426879174.95,-58.09741
1426879174.966,-54.06884
1426879174.982,-51.285748
1426879174.997,-49.922432
1426879175.013,-49.965263
1426879175.029,-51.118736
1426879175.044,-52.795578
1426879175.06,-54.157677
1426879175.075,-54.35164
1426879175.091,-52.729805
1426879175.107,-49.07798
1426879175.122,-43.67009
1426879175.138,-37.116318
1426879175.154,-30.072891
1426879175.169,-22.99086
1426879175.185,-15.872398
1426879175.2,-8.353127
1426879175.216,0.09096527
1426879175.232,9.794434
1426879175.247,20.66568
1426879175.263,32.10015
1426879175.279,43.24373
1426879175.294,53.32878
1426879175.31,62.045044
1426879175.325,69.68442
1426879175.341,77.12739
1426879175.357,85.560394
1426879175.372,96.11103
1426879175.388,109.35582
1426879175.404,124.83617
1426879175.419,140.76122
1426879175.435,154.03903
1426879175.45,160.87294
1426879175.466,157.79938
1426879175.482,142.86072
1426879175.497,116.44761
1426879175.513,81.32205
1426879175.529,41.900627
1426879175.544,2.942253
1426879175.56,-31.603119
1426879175.575,-59.37673
1426879175.591,-79.60529
1426879175.607,-92.70758
1426879175.622,-99.70756
1426879175.638,-101.7759
1426879175.654,-100.05408
1426879175.669,-95.62876
1426879175.685,-89.49585
1426879175.7,-82.55865
1426879175.716,-75.539055
1426879175.732,-68.91242
1426879175.747,-62.950516
1426879175.763,-57.791977
1426879175.779,-53.60128
1426879175.794,-50.608627
1426879175.81,-49.05626
1426879175.825,-49.08336
1426879175.841,-50.500565
1426879175.857,-52.707733
1426879175.872,-54.71872
1426879175.888,-55.470467
1426879175.904,-54.145317
1426879175.919,-50.469322
1426879175.935,-44.731766
1426879175.95,-37.614403
1426879175.966,-29.821625
1426879175.982,-21.780571
1426879175.997,-13.511337
1426879176.013,-4.7168427
1426879176.029,4.952347
1426879176.044,15.656975
1426879176.06,27.246147
1426879176.075,39.2782
1426879176.091,51.21865
1426879176.107,62.63656
1426879176.122,73.39706
1426879176.138,83.739365
1426879176.154,94.317665
1426879176.169,106.01347
1426879176.185,119.74332
1426879176.2,135.87228
1426879176.216,153.72299
1426879176.232,171.1759
1426879176.247,184.81274
1426879176.263,190.68999
1426879176.279,185.5693
1426879176.294,168.1106
1426879176.31,139.52695
1426879176.326,103.311615
1426879176.341,64.08304
1426879176.357,26.215256
1426879176.372,-7.2868958
1426879176.388,-35.191864
1426879176.404,-57.632065
1426879176.419,-75.350525
1426879176.435,-89.00174
1426879176.451,-98.89485
1426879176.466,-105.08971
1426879176.482,-107.67375
1426879176.497,-107.03731
1426879176.513,-103.86017
1426879176.529,-98.99983
1426879176.544,-93.31619
1426879176.56,-87.55034
1426879176.576,-82.28052
1426879176.591,-77.95459
1426879176.607,-74.87161
1426879176.622,-73.20415
1426879176.638,-72.95485
1426879176.654,-73.935135
1426879176.669,-75.77371
1426879176.685,-77.92691
1426879176.701,-79.751724
1426879176.716,-80.58035
1426879176.732,-79.85301
1426879176.747,-77.13281
1426879176.763,-72.21129
1426879176.779,-65.03261
1426879176.794,-55.707535
1426879176.81,-44.43518
1426879176.826,-31.539139
1426879176.841,-17.491882
1426879176.857,-2.9151459
1426879176.872,11.49707
1426879176.888,25.189117
1426879176.904,37.93196
1426879176.919,49.978973
1426879176.935,62.081436
1426879176.951,75.22618
1426879176.966,90.27188
1426879176.982,107.418686
1426879176.997,125.72772
1426879177.013,142.90134
1426879177.029,155.57571
1426879177.044,160.11185
1426879177.06,153.74103
1426879177.076,135.5646
1426879177.091,107.069916
1426879177.107,71.76846
1426879177.122,34.209152
1426879177.138,-1.2797852
1426879177.154,-31.603912
1426879177.169,-55.275818
1426879177.185,-72.161194
1426879177.201,-82.9075
1426879177.216,-88.34773
1426879177.232,-89.2565
1426879177.247,-86.34949
1426879177.263,-80.45946
1426879177.279,-72.64464
1426879177.294,-64.12944
1426879177.31,-56.065735
1426879177.326,-49.30635
1426879177.341,-44.20323
1426879177.357,-40.61664
1426879177.372,-38.129486
1426879177.388,-36.329468
1426879177.404,-35.04779
1426879177.419,-34.452377
1426879177.435,-34.837173
1426879177.451,-36.29039
1426879177.466,-38.41986
1426879177.482,-40.27292
1426879177.497,-40.554214
1426879177.513,-38.105347
1426879177.529,-32.34018
1426879177.544,-23.499832
1426879177.56,-12.555695
1426879177.576,-0.87083435
1426879177.591,10.344681
1426879177.607,20.3835
1426879177.622,29.280243
1426879177.638,37.74411
1426879177.654,46.88031
1426879177.669,57.82187
1426879177.685,71.327835
1426879177.701,87.34204
1426879177.716,104.69025
1426879177.732,121.02052
1426879177.747,133.13101
1426879177.763,137.67206
1426879177.779,132.1532
1426879177.794,115.74881
1426879177.81,89.74083
1426879177.826,57.213577
1426879177.841,22.191284
1426879177.857,-11.416672
1426879177.872,-40.681076
1426879177.888,-64.01816
1426879177.904,-80.98938
1426879177.919,-91.85022
1426879177.935,-97.107315
1426879177.951,-97.3842
1426879177.966,-93.455505
1426879177.982,-86.38249
1426879177.997,-77.49002
1426879178.013,-68.18182
1426879178.029,-59.608658
1426879178.044,-52.416992
1426879178.06,-46.67488
1426879178.076,-42.023773
1426879178.091,-37.994217
1426879178.107,-34.290222
1426879178.122,-30.982605
1426879178.138,-28.423828
1426879178.154,-26.963135
1426879178.169,-26.610306
1426879178.185,-26.798737
1426879178.201,-26.425598
1426879178.216,-24.187073
1426879178.232,-19.103546
1426879178.247,-10.901382
1426879178.263,-0.26008606
1426879178.279,11.52182
1426879178.294,22.9982
1426879178.31,33.19821
1426879178.326,41.992706
1426879178.341,50.112
1426879178.357,58.845398
1426879178.372,69.567764
1426879178.388,83.2585
1426879178.404,100.024765
1426879178.419,118.79947
1426879178.435,137.2967
1426879178.451,152.17363
1426879178.466,159.81075
1426879178.482,157.15416
1426879178.497,142.80518
1426879178.513,117.57182
1426879178.529,84.375305
1426879178.544,47.42395
1426879178.56,10.923904
1426879178.576,-22.02655
1426879178.591,-49.96338
1426879178.607,-72.73773
1426879178.622,-90.70854
1426879178.638,-103.969574
1426879178.654,-112.10382
1426879178.669,-114.5508
1426879178.685,-111.28009
1426879178.701,-103.360916
1426879178.716,-92.81824
1426879178.732,-82.01036
1426879178.747,-72.78955
1426879178.763,-65.89731
1426879178.779,-60.969864
1426879178.794,-57.080917
1426879178.81,-53.437088
1426879178.826,-49.829544
1426879178.841,-46.676727
1426879178.857,-44.56476
1426879178.872,-43.775208
1426879178.888,-43.869965
1426879178.904,-43.761795
1426879178.919,-42.006683
1426879178.935,-37.34474
1426879178.951,-29.26352
1426879178.966,-18.100403
1426879178.982,-5.1022644
1426879178.998,8.172272
1426879179.013,20.342377
1426879179.029,30.757385
1426879179.044,39.64279
1426879179.06,48.01883
1426879179.076,57.247955
1426879179.091,68.55835
1426879179.107,82.64108
1426879179.123,99.22336
1426879179.138,116.93924
1426879179.154,133.25061
1426879179.169,144.83957
1426879179.185,148.31387
1426879179.201,141.19595
1426879179.216,122.83621
1426879179.232,94.79196
1426879179.248,60.514313
1426879179.263,24.290497
1426879179.279,-9.850494
1426879179.294,-39.21649
1426879179.31,-62.57733
1426879179.326,-79.9267
1426879179.341,-91.82602
1426879179.357,-98.857574
1426879179.373,-101.462524
1426879179.388,-100.1087
1426879179.404,-95.66708
1426879179.419,-89.49686
1426879179.435,-83.20996
1426879179.451,-78.14758
1426879179.466,-74.76886
1426879179.482,-72.6037
1426879179.498,-70.39795
1426879179.513,-67.0452
1426879179.529,-62.057648
1426879179.544,-56.029053
1426879179.56,-50.206116
1426879179.576,-45.83011
1426879179.591,-43.43213
1426879179.607,-42.610535
1426879179.623,-42.268402
1426879179.638,-41.092407
1426879179.654,-38.067017
1426879179.669,-32.6044
1426879179.685,-24.559235
1426879179.701,-14.11792
1426879179.716,-1.7539978
1426879179.732,11.709778
1426879179.748,25.291748
1426879179.763,38.107162
1426879179.779,49.91797
1426879179.794,61.15985
1426879179.81,73.03749
1426879179.826,86.78247
1426879179.841,102.871414
1426879179.857,120.380585
1426879179.873,136.74634
1426879179.888,148.26526
1426879179.904,151.07658
1426879179.919,142.39934
1426879179.935,121.5934
1426879179.951,90.57451
1426879179.966,53.441086
1426879179.982,15.244064
1426879179.998,-19.322449
1426879180.013,-47.303284
1426879180.029,-67.731476
1426879180.044,-81.343475
1426879180.06,-89.638855
1426879180.076,-94.06265
1426879180.091,-95.401566
1426879180.107,-94.05205
1426879180.123,-90.29576
1426879180.138,-84.64447
1426879180.154,-77.98779
1426879180.169,-71.29315
1426879180.185,-65.2206
1426879180.201,-60.110703
1426879180.216,-55.864716
1426879180.232,-52.32097
1426879180.248,-49.555588
1426879180.263,-47.966125
1426879180.279,-48.050903
1426879180.294,-50.173477
1426879180.31,-54.044754
1426879180.326,-58.535217
1426879180.341,-61.80789
1426879180.357,-61.762863
1426879180.373,-56.725586
1426879180.388,-46.151337
1426879180.404,-30.881195
1426879180.419,-12.970947
1426879180.435,4.990265
1426879180.451,20.777817
1426879180.466,33.252457
1426879180.482,42.580353
1426879180.498,50.084732
1426879180.513,57.56967
1426879180.529,66.71782
1426879180.544,78.561935
1426879180.56,93.250336
1426879180.576,109.79765
1426879180.591,126.297
1426879180.607,139.92717
1426879180.623,147.48515
1426879180.638,146.09564
1426879180.654,134.12201
1426879180.669,111.7708
1426879180.685,81.498
1426879180.701,47.221725
1426879179.732,11.709778
1426879179.748,25.291748
1426879179.763,38.107162
1426879179.779,49.91797
1426879179.794,61.15985
1426879179.81,73.03749
1426879179.826,86.78247
1426879179.841,102.871414
1426879179.857,120.380585
1426879179.873,136.74634
1426879179.888,148.26526
1426879179.904,151.07658
1426879179.919,142.39934
1426879179.935,121.5934
1426879179.951,90.57451
1426879179.966,53.441086
1426879179.982,15.244064
1426879179.998,-19.322449
1426879180.013,-47.303284
1426879180.029,-67.731476
1426879180.044,-81.343475
1426879180.06,-89.638855
1426879180.076,-94.06265
1426879180.091,-95.401566
1426879180.107,-94.05205
1426879180.123,-90.29576
1426879180.138,-84.64447
1426879180.154,-77.98779
1426879180.169,-71.29315
1426879180.185,-65.2206
1426879180.201,-60.110703
1426879180.216,-55.864716
1426879180.232,-52.32097
1426879180.248,-49.555588
1426879180.263,-47.966125
1426879180.279,-48.050903
1426879180.294,-50.173477
1426879180.31,-54.044754
1426879180.326,-58.535217
1426879180.341,-61.80789
1426879180.357,-61.762863
1426879180.373,-56.725586
1426879180.388,-46.151337
1426879180.404,-30.881195
1426879180.419,-12.970947
1426879180.435,4.990265
1426879180.451,20.777817
1426879180.466,33.252457
1426879180.482,42.580353
1426879180.498,50.084732
1426879180.513,57.56967
1426879180.529,66.71782
1426879180.544,78.561935
1426879180.56,93.250336
1426879180.576,109.79765
1426879180.591,126.297
1426879180.607,139.92717
1426879180.623,147.48515
1426879180.638,146.09564
1426879180.654,134.12201
1426879180.669,111.7708
1426879180.685,81.498
1426879180.701,47.221725
