1426879225.488,-12.0,25.0,56.0
1426879225.52,-10.0,26.0,56.0
1426879225.551,-9.0,27.0,55.0
1426879225.582,-8.0,26.0,55.0
1426879225.613,-8.0,26.0,56.0
1426879225.645,-8.0,27.0,57.0
1426879225.676,-7.0,26.0,59.0
1426879225.707,-7.0,26.0,59.0
1426879225.738,-7.0,25.0,60.0
1426879225.77,-7.0,24.0,59.0
1426879225.801,-9.0,24.0,57.0
1426879225.832,-9.0,26.0,56.0
1426879225.863,-9.0,27.0,56.0
1426879225.895,-9.0,27.0,56.0
1426879225.926,-9.0,27.0,56.0
1426879225.957,-9.0,26.0,57.0
1426879225.988,-8.0,26.0,57.0
1426879226.02,-8.0,25.0,57.0
1426879226.051,-8.0,25.0,58.0
1426879226.082,-8.0,26.0,59.0
1426879226.113,-9.0,26.0,58.0
1426879226.145,-9.0,26.0,58.0
1426879226.176,-9.0,25.0,57.0
1426879226.207,-9.0,26.0,57.0
1426879226.238,-9.0,26.0,57.0
1426879226.27,-8.0,27.0,57.0
1426879226.301,-7.0,26.0,58.0
1426879226.332,-9.0,25.0,57.0
1426879226.364,-9.0,25.0,57.0
1426879226.395,-8.0,26.0,58.0
1426879226.426,-9.0,26.0,58.0
1426879226.457,-9.0,26.0,57.0
1426879226.488,-8.0,26.0,57.0
1426879226.52,-9.0,25.0,57.0
1426879226.551,-9.0,25.0,56.0
1426879226.582,-8.0,25.0,58.0
1426879226.614,-7.0,25.0,59.0
1426879226.645,-6.0,26.0,61.0
1426879226.676,-7.0,27.0,58.0
1426879226.707,-8.0,25.0,57.0
1426879226.739,-9.0,26.0,55.0
1426879226.77,-9.0,24.0,55.0
1426879226.801,-8.0,25.0,58.0
1426879226.832,-7.0,26.0,59.0
1426879226.864,-8.0,26.0,57.0
1426879226.895,-8.0,25.0,58.0
1426879226.926,-8.0,25.0,58.0
1426879226.957,-8.0,26.0,58.0
1426879226.989,-7.0,26.0,58.0
1426879227.02,-8.0,25.0,58.0
1426879227.051,-9.0,25.0,58.0
1426879227.082,-8.0,26.0,58.0
1426879227.114,-8.0,25.0,57.0
1426879227.145,-8.0,25.0,58.0
1426879227.176,-8.0,26.0,57.0
1426879227.207,-8.0,24.0,57.0
1426879227.239,-8.0,26.0,58.0
1426879227.27,-7.0,27.0,58.0
1426879227.301,-8.0,26.0,57.0
1426879227.332,-8.0,25.0,58.0
1426879227.364,-8.0,26.0,58.0
1426879227.395,-8.0,26.0,57.0
1426879227.426,-8.0,26.0,58.0
1426879227.457,-8.0,25.0,58.0
1426879227.489,-8.0,26.0,58.0
1426879227.52,-8.0,26.0,58.0
1426879227.551,-8.0,26.0,58.0
1426879227.582,-8.0,26.0,57.0
1426879227.614,-8.0,26.0,57.0
1426879227.645,-8.0,26.0,57.0
1426879227.676,-9.0,25.0,57.0
1426879227.707,-8.0,26.0,58.0
1426879227.739,-8.0,26.0,57.0
1426879227.77,-8.0,26.0,57.0
1426879227.801,-9.0,25.0,58.0
1426879227.832,-8.0,26.0,58.0
1426879227.864,-8.0,27.0,57.0
1426879227.895,-8.0,26.0,57.0
1426879227.926,-8.0,25.0,58.0
1426879227.957,-8.0,26.0,57.0
1426879227.989,-8.0,26.0,57.0
1426879228.02,-8.0,26.0,57.0
1426879228.051,-8.0,25.0,58.0
1426879228.082,-8.0,25.0,57.0
1426879228.114,-8.0,25.0,58.0
1426879228.145,-8.0,26.0,58.0
1426879228.176,-8.0,26.0,58.0
1426879228.207,-8.0,25.0,58.0
1426879228.239,-8.0,26.0,58.0
1426879228.27,-8.0,26.0,58.0
1426879228.301,-8.0,26.0,58.0
1426879228.332,-8.0,25.0,58.0
1426879228.364,-8.0,25.0,58.0
1426879228.395,-9.0,25.0,58.0
1426879228.426,-9.0,26.0,58.0
1426879228.457,-8.0,26.0,57.0
1426879228.489,-8.0,25.0,57.0
1426879228.52,-8.0,26.0,58.0
1426879228.551,-9.0,26.0,58.0
1426879228.582,-9.0,25.0,57.0
1426879228.614,-7.0,25.0,57.0
1426879228.645,-8.0,25.0,58.0
1426879228.676,-7.0,26.0,56.0
1426879228.707,-9.0,27.0,57.0
1426879228.739,-10.0,24.0,54.0
1426879228.77,-9.0,23.0,56.0
1426879228.801,-8.0,24.0,59.0
1426879228.832,-6.0,28.0,61.0
1426879228.864,-8.0,27.0,59.0
1426879228.895,-7.0,26.0,60.0
1426879228.926,-8.0,22.0,57.0
1426879228.957,-9.0,23.0,57.0
1426879228.989,-10.0,25.0,57.0
1426879229.02,-7.0,28.0,58.0
1426879229.051,-7.0,27.0,58.0
1426879229.082,-9.0,23.0,58.0
1426879229.114,-9.0,22.0,58.0
1426879229.145,-9.0,25.0,58.0
1426879229.176,-8.0,26.0,58.0
1426879229.207,-7.0,27.0,58.0
1426879229.239,-8.0,24.0,58.0
1426879229.27,-9.0,23.0,58.0
1426879229.301,-9.0,25.0,59.0
1426879229.332,-9.0,25.0,57.0
1426879229.364,-8.0,25.0,57.0
1426879229.395,-8.0,24.0,59.0
1426879229.426,-8.0,24.0,59.0
1426879229.457,-8.0,24.0,58.0
1426879229.489,-8.0,24.0,57.0
1426879229.52,-8.0,25.0,59.0
1426879229.551,-9.0,24.0,58.0
1426879229.582,-9.0,23.0,58.0
1426879229.614,-8.0,24.0,58.0
1426879229.645,-8.0,24.0,58.0
1426879229.676,-8.0,24.0,59.0
1426879229.707,-8.0,25.0,59.0
1426879229.739,-9.0,23.0,57.0
1426879229.77,-8.0,24.0,59.0
1426879229.801,-8.0,25.0,58.0
1426879229.832,-8.0,25.0,58.0
1426879229.864,-9.0,24.0,57.0
1426879229.895,-8.0,23.0,59.0
1426879229.926,-9.0,24.0,57.0
1426879229.957,-8.0,25.0,58.0
1426879229.989,-8.0,23.0,59.0
1426879230.02,-8.0,24.0,57.0
1426879230.051,-8.0,25.0,58.0
1426879230.082,-8.0,24.0,58.0
1426879230.114,-8.0,23.0,59.0
1426879230.145,-9.0,23.0,58.0
1426879230.176,-9.0,25.0,58.0
1426879230.207,-8.0,25.0,59.0
1426879230.239,-8.0,24.0,58.0
1426879230.27,-9.0,23.0,58.0
1426879230.301,-9.0,24.0,58.0
1426879230.332,-8.0,25.0,58.0
1426879230.364,-8.0,24.0,58.0
1426879230.395,-8.0,23.0,59.0
1426879230.426,-8.0,24.0,58.0
1426879230.457,-8.0,25.0,58.0
1426879230.489,-8.0,24.0,58.0
1426879230.52,-9.0,23.0,58.0
1426879230.551,-8.0,24.0,59.0
1426879230.582,-8.0,24.0,58.0
1426879230.614,-8.0,24.0,58.0
1426879230.645,-8.0,24.0,58.0
1426879230.676,-8.0,24.0,58.0
1426879230.707,-9.0,23.0,58.0
1426879230.739,-8.0,24.0,59.0
1426879230.77,-9.0,25.0,58.0
1426879230.801,-8.0,24.0,58.0
1426879230.832,-8.0,23.0,58.0
1426879230.864,-8.0,24.0,58.0
1426879230.895,-9.0,25.0,58.0
1426879230.926,-8.0,25.0,57.0
1426879230.957,-8.0,22.0,58.0
1426879230.989,-9.0,23.0,58.0
1426879231.02,-9.0,25.0,58.0
1426879231.051,-9.0,24.0,57.0
1426879231.082,-8.0,23.0,59.0
1426879231.114,-8.0,24.0,58.0
1426879231.145,-9.0,25.0,58.0
1426879231.176,-9.0,24.0,58.0
1426879231.207,-9.0,23.0,58.0
1426879231.239,-8.0,24.0,58.0
1426879231.27,-9.0,24.0,58.0
1426879231.301,-8.0,24.0,58.0
1426879231.332,-9.0,24.0,58.0
1426879231.364,-8.0,24.0,58.0
1426879231.395,-8.0,24.0,58.0
1426879231.426,-8.0,24.0,58.0
1426879231.457,-8.0,24.0,58.0
1426879231.489,-8.0,25.0,58.0
1426879231.52,-8.0,24.0,57.0
1426879231.551,-9.0,23.0,58.0
1426879231.582,-8.0,25.0,59.0
1426879231.614,-8.0,25.0,58.0
1426879231.645,-9.0,24.0,58.0
1426879231.676,-8.0,23.0,59.0
1426879231.707,-8.0,24.0,58.0
1426879231.739,-8.0,24.0,58.0
1426879231.77,-9.0,24.0,58.0
1426879231.801,-8.0,23.0,59.0
1426879231.832,-9.0,24.0,58.0
1426879231.864,-9.0,24.0,58.0
1426879231.895,-9.0,23.0,58.0
1426879231.926,-8.0,24.0,58.0
1426879231.958,-8.0,24.0,58.0
1426879231.989,-8.0,24.0,58.0
1426879232.02,-9.0,24.0,58.0
1426879232.051,-9.0,24.0,58.0
1426879232.083,-8.0,24.0,58.0
1426879232.114,-9.0,24.0,58.0
1426879232.145,-9.0,24.0,58.0
1426879232.176,-8.0,23.0,59.0
1426879232.208,-8.0,24.0,58.0
1426879232.239,-9.0,24.0,58.0
1426879232.27,-8.0,24.0,59.0
1426879232.301,-8.0,24.0,58.0
1426879232.333,-8.0,24.0,58.0
1426879232.364,-9.0,24.0,58.0
1426879232.395,-8.0,24.0,58.0
1426879232.426,-9.0,24.0,58.0
1426879232.458,-8.0,24.0,58.0
1426879232.489,-8.0,25.0,58.0
1426879232.52,-8.0,25.0,59.0
1426879232.551,-9.0,25.0,59.0
1426879232.583,-8.0,24.0,59.0
1426879232.614,-8.0,22.0,57.0
1426879232.645,-11.0,23.0,59.0
1426879232.676,-10.0,23.0,58.0
1426879232.708,-9.0,24.0,58.0
1426879232.739,-9.0,21.0,58.0
1426879232.77,-7.0,22.0,59.0
1426879232.801,-9.0,23.0,59.0
1426879232.833,-10.0,24.0,58.0
1426879232.864,-8.0,24.0,59.0
1426879232.895,-8.0,24.0,59.0
1426879232.926,-9.0,23.0,59.0
1426879232.958,-8.0,22.0,58.0
1426879232.989,-9.0,23.0,58.0
1426879233.02,-9.0,24.0,59.0
1426879233.051,-8.0,23.0,59.0
1426879233.083,-9.0,22.0,58.0
1426879233.114,-9.0,22.0,59.0
1426879233.145,-8.0,24.0,59.0
1426879233.176,-9.0,23.0,58.0
1426879233.208,-9.0,22.0,59.0
1426879233.239,-9.0,23.0,58.0
1426879233.27,-9.0,23.0,58.0
1426879233.301,-8.0,23.0,59.0
1426879233.333,-9.0,23.0,58.0
1426879233.364,-9.0,23.0,58.0
1426879233.395,-9.0,22.0,58.0
1426879233.426,-9.0,23.0,58.0
1426879233.458,-9.0,23.0,59.0
1426879233.489,-9.0,23.0,58.0
1426879233.52,-9.0,22.0,58.0
1426879233.551,-9.0,23.0,59.0
1426879233.583,-9.0,23.0,59.0
1426879233.614,-9.0,22.0,59.0
1426879233.645,-9.0,22.0,59.0
1426879233.676,-9.0,24.0,59.0
1426879233.708,-9.0,23.0,58.0
1426879233.739,-9.0,22.0,59.0
1426879233.77,-10.0,22.0,58.0
1426879233.801,-8.0,23.0,59.0
1426879233.833,-8.0,24.0,59.0
1426879233.864,-9.0,22.0,59.0
1426879233.895,-8.0,22.0,59.0
1426879233.926,-9.0,23.0,58.0
1426879233.958,-9.0,23.0,59.0
1426879233.989,-9.0,22.0,58.0
1426879234.02,-8.0,23.0,58.0
1426879234.051,-9.0,24.0,59.0
1426879234.083,-9.0,23.0,58.0
1426879234.114,-9.0,22.0,59.0
1426879234.145,-9.0,23.0,59.0
1426879234.176,-9.0,23.0,59.0
1426879234.208,-9.0,23.0,58.0
1426879234.239,-9.0,23.0,59.0
1426879234.27,-9.0,24.0,59.0
1426879234.301,-9.0,23.0,58.0
1426879234.333,-9.0,22.0,58.0
1426879234.364,-9.0,23.0,59.0
1426879234.395,-9.0,24.0,59.0
1426879234.426,-9.0,23.0,58.0
1426879234.458,-9.0,22.0,59.0
1426879234.489,-9.0,23.0,59.0
1426879234.52,-9.0,23.0,58.0
1426879234.551,-9.0,23.0,58.0
1426879234.583,-9.0,23.0,59.0
1426879234.614,-9.0,23.0,59.0
1426879234.645,-9.0,23.0,59.0
1426879234.676,-9.0,23.0,58.0
1426879234.708,-9.0,23.0,58.0
1426879234.739,-9.0,23.0,58.0
1426879234.77,-9.0,22.0,59.0
1426879234.801,-9.0,23.0,59.0
1426879234.833,-9.0,23.0,58.0
1426879234.864,-9.0,23.0,58.0
1426879234.895,-9.0,23.0,58.0
1426879234.926,-9.0,23.0,59.0
1426879234.958,-9.0,22.0,58.0
1426879234.989,-9.0,22.0,58.0
1426879235.02,-8.0,23.0,59.0
1426879235.051,-9.0,23.0,59.0
1426879235.083,-9.0,23.0,58.0
1426879235.114,-9.0,23.0,59.0
1426879235.145,-9.0,23.0,58.0
1426879235.176,-9.0,23.0,59.0
1426879235.208,-8.0,23.0,58.0
1426879235.239,-9.0,22.0,58.0
1426879235.27,-9.0,23.0,59.0
1426879235.301,-9.0,23.0,59.0
1426879235.333,-9.0,23.0,59.0
1426879235.364,-8.0,23.0,59.0
1426879235.395,-9.0,23.0,58.0
1426879235.426,-9.0,23.0,58.0
1426879235.458,-9.0,23.0,59.0
1426879235.489,-8.0,23.0,58.0
1426879235.52,-9.0,24.0,59.0
1426879235.551,-9.0,23.0,58.0
1426879235.583,-9.0,23.0,59.0
1426879235.614,-8.0,23.0,58.0
1426879235.645,-9.0,23.0,58.0
1426879235.676,-9.0,22.0,59.0
1426879235.708,-9.0,23.0,59.0
1426879235.739,-8.0,23.0,58.0
1426879235.77,-9.0,23.0,58.0
1426879235.801,-9.0,22.0,58.0
1426879235.833,-9.0,23.0,59.0
1426879235.864,-9.0,23.0,58.0
1426879235.895,-9.0,23.0,59.0
1426879235.926,-9.0,23.0,58.0
1426879235.958,-9.0,23.0,58.0
1426879235.989,-9.0,23.0,59.0
1426879236.02,-9.0,22.0,59.0
1426879236.051,-9.0,23.0,59.0
1426879236.083,-9.0,23.0,59.0
1426879236.114,-9.0,23.0,58.0
1426879236.145,-9.0,23.0,59.0
1426879236.176,-9.0,22.0,59.0
1426879236.208,-9.0,23.0,58.0
1426879236.239,-8.0,23.0,58.0
1426879236.27,-9.0,23.0,58.0
1426879236.301,-9.0,22.0,59.0
1426879236.333,-9.0,23.0,59.0
1426879236.364,-8.0,23.0,59.0
1426879236.395,-9.0,23.0,59.0
1426879236.426,-9.0,22.0,59.0
1426879236.458,-8.0,23.0,59.0
1426879236.489,-9.0,23.0,59.0
1426879236.52,-9.0,23.0,58.0
1426879236.551,-8.0,22.0,59.0
1426879236.583,-9.0,23.0,59.0
1426879236.614,-9.0,23.0,59.0
1426879236.645,-9.0,23.0,59.0
1426879236.676,-9.0,22.0,58.0
1426879236.708,-9.0,23.0,59.0
1426879236.739,-9.0,23.0,59.0
1426879236.77,-10.0,22.0,59.0
1426879236.801,-8.0,23.0,59.0
1426879236.833,-9.0,23.0,59.0
1426879236.864,-9.0,22.0,59.0
1426879236.895,-9.0,22.0,58.0
1426879236.926,-9.0,23.0,59.0
1426879236.958,-9.0,23.0,59.0
1426879236.989,-9.0,22.0,59.0
1426879237.02,-8.0,23.0,59.0
1426879237.051,-8.0,24.0,59.0
1426879237.083,-9.0,22.0,59.0
1426879237.114,-9.0,23.0,59.0
1426879237.145,-8.0,23.0,59.0
1426879237.176,-9.0,23.0,58.0
1426879237.208,-9.0,22.0,59.0
1426879237.239,-9.0,23.0,59.0
1426879237.27,-9.0,23.0,58.0
1426879237.302,-9.0,22.0,59.0
1426879237.333,-9.0,23.0,59.0
1426879237.364,-9.0,24.0,59.0
1426879237.395,-9.0,23.0,59.0
1426879237.426,-9.0,22.0,59.0
1426879237.458,-9.0,23.0,59.0
1426879237.489,-9.0,23.0,58.0
1426879237.52,-9.0,23.0,59.0
1426879237.552,-9.0,22.0,59.0
1426879237.583,-8.0,23.0,59.0
1426879237.614,-9.0,23.0,58.0
1426879237.645,-9.0,22.0,58.0
1426879237.677,-9.0,23.0,59.0
1426879237.708,-8.0,23.0,58.0
1426879237.739,-9.0,23.0,59.0
1426879237.77,-10.0,22.0,59.0
1426879237.802,-9.0,23.0,59.0
1426879237.833,-9.0,23.0,58.0
1426879237.864,-9.0,21.0,59.0
1426879237.895,-9.0,22.0,59.0
1426879237.927,-9.0,24.0,58.0
1426879237.958,-9.0,23.0,58.0
1426879237.989,-8.0,22.0,59.0
1426879238.02,-9.0,24.0,59.0
1426879238.052,-9.0,24.0,59.0
1426879238.083,-9.0,22.0,58.0
1426879238.114,-9.0,23.0,58.0
1426879238.145,-9.0,23.0,59.0
1426879238.177,-9.0,23.0,58.0
1426879238.208,-9.0,23.0,58.0
1426879238.239,-9.0,23.0,59.0
1426879238.27,-9.0,23.0,59.0
1426879238.302,-9.0,22.0,59.0
1426879238.333,-9.0,22.0,59.0
1426879238.364,-9.0,23.0,58.0
1426879238.395,-9.0,23.0,59.0
1426879238.427,-9.0,23.0,59.0
1426879238.458,-9.0,23.0,59.0
1426879238.489,-9.0,22.0,58.0
1426879238.52,-9.0,23.0,60.0
1426879238.552,-9.0,24.0,59.0
1426879238.583,-9.0,23.0,58.0
1426879238.614,-9.0,22.0,59.0
1426879238.645,-10.0,22.0,59.0
1426879238.677,-9.0,23.0,59.0
1426879238.708,-9.0,23.0,58.0
1426879238.739,-9.0,23.0,58.0
1426879238.77,-9.0,22.0,58.0
1426879238.802,-10.0,21.0,58.0
1426879238.833,-9.0,23.0,59.0
1426879238.864,-9.0,23.0,58.0
1426879238.895,-8.0,21.0,59.0
1426879238.927,-9.0,23.0,59.0
1426879238.958,-9.0,23.0,59.0
1426879238.989,-11.0,22.0,59.0
1426879239.02,-9.0,22.0,59.0
1426879239.052,-9.0,22.0,59.0
1426879239.083,-9.0,22.0,59.0
1426879239.114,-9.0,22.0,58.0
1426879239.145,-9.0,22.0,59.0
1426879239.177,-9.0,23.0,59.0
1426879239.208,-9.0,23.0,59.0
1426879239.239,-9.0,23.0,59.0
1426879239.27,-9.0,21.0,58.0
1426879239.302,-9.0,22.0,60.0
1426879239.333,-9.0,23.0,59.0
1426879239.364,-9.0,21.0,59.0
1426879239.395,-8.0,22.0,60.0
1426879239.427,-8.0,23.0,59.0
1426879239.458,-10.0,19.0,58.0
1426879239.489,-10.0,20.0,60.0
1426879239.52,-9.0,21.0,59.0
1426879239.552,-10.0,21.0,58.0
1426879239.583,-9.0,22.0,59.0
1426879239.614,-9.0,21.0,59.0
1426879239.645,-9.0,21.0,59.0
1426879239.677,-10.0,21.0,59.0
1426879239.708,-9.0,21.0,59.0
1426879239.739,-9.0,22.0,58.0
1426879239.77,-10.0,21.0,58.0
1426879239.802,-9.0,20.0,60.0
1426879239.833,-9.0,21.0,59.0
1426879239.864,-9.0,21.0,59.0
1426879239.895,-10.0,21.0,59.0
1426879239.927,-10.0,21.0,59.0
1426879239.958,-9.0,21.0,59.0
1426879239.989,-9.0,21.0,60.0
1426879240.02,-9.0,21.0,60.0
1426879240.052,-10.0,21.0,59.0
1426879240.083,-9.0,21.0,60.0
1426879240.114,-9.0,21.0,59.0
1426879240.145,-10.0,21.0,59.0
1426879240.177,-9.0,21.0,60.0
1426879240.208,-9.0,21.0,59.0
1426879240.239,-9.0,22.0,59.0
1426879240.27,-10.0,20.0,60.0
1426879240.302,-9.0,21.0,59.0
1426879240.333,-10.0,21.0,59.0
1426879240.364,-10.0,21.0,59.0
1426879240.395,-10.0,22.0,59.0
1426879240.427,-9.0,21.0,59.0
1426879240.458,-10.0,21.0,59.0
1426879240.489,-10.0,21.0,59.0
1426879240.52,-9.0,21.0,59.0
1426879240.552,-9.0,20.0,59.0
1426879240.583,-9.0,21.0,60.0
1426879240.614,-9.0,22.0,59.0
1426879240.645,-9.0,21.0,59.0
1426879240.677,-9.0,21.0,59.0
1426879240.708,-10.0,21.0,59.0
1426879240.739,-9.0,21.0,59.0
1426879240.77,-9.0,21.0,59.0
1426879240.802,-10.0,21.0,59.0
1426879240.833,-10.0,21.0,59.0
1426879240.864,-9.0,21.0,59.0
1426879240.895,-10.0,21.0,59.0
1426879240.927,-9.0,20.0,59.0
1426879240.958,-9.0,21.0,59.0
1426879240.989,-9.0,22.0,59.0
1426879241.02,-10.0,21.0,59.0
1426879241.052,-10.0,21.0,59.0
1426879241.083,-9.0,21.0,59.0
1426879241.114,-10.0,21.0,59.0
1426879241.145,-9.0,20.0,59.0
1426879241.177,-10.0,22.0,60.0
1426879241.208,-9.0,22.0,59.0
1426879241.239,-9.0,21.0,59.0
1426879241.27,-10.0,20.0,60.0
1426879241.302,-9.0,20.0,59.0
1426879241.333,-9.0,20.0,59.0
1426879241.364,-10.0,21.0,59.0
1426879241.395,-9.0,22.0,59.0
1426879241.427,-9.0,22.0,59.0
1426879241.458,-9.0,23.0,59.0
1426879241.489,-10.0,21.0,59.0
1426879241.52,-9.0,21.0,58.0
1426879241.552,-9.0,21.0,59.0
1426879241.583,-9.0,22.0,60.0
1426879241.614,-9.0,20.0,58.0
1426879241.645,-9.0,21.0,59.0
1426879241.677,-10.0,23.0,60.0
1426879241.708,-8.0,22.0,58.0
1426879241.739,-8.0,22.0,58.0
1426879241.77,-10.0,23.0,60.0
1426879241.802,-10.0,24.0,59.0
1426879241.833,-10.0,21.0,58.0
1426879241.864,-9.0,20.0,60.0
1426879241.895,-9.0,23.0,60.0
1426879241.927,-8.0,24.0,57.0
1426879241.958,-9.0,22.0,59.0
1426879241.989,-10.0,22.0,59.0
1426879242.02,-9.0,20.0,59.0
1426879242.052,-11.0,20.0,59.0
1426879242.083,-9.0,25.0,58.0
1426879242.114,-9.0,24.0,58.0
1426879242.145,-9.0,23.0,59.0
1426879242.177,-11.0,22.0,59.0
1426879242.208,-11.0,22.0,58.0
1426879242.239,-8.0,21.0,59.0
1426879242.27,-9.0,21.0,59.0
1426879242.302,-9.0,25.0,58.0
1426879242.333,-9.0,23.0,58.0
1426879242.364,-8.0,21.0,59.0
1426879242.395,-10.0,21.0,59.0
1426879242.427,-10.0,23.0,58.0
1426879242.458,-10.0,23.0,59.0
1426879242.489,-9.0,21.0,59.0
1426879242.52,-9.0,21.0,59.0
1426879242.552,-10.0,23.0,59.0
1426879242.583,-9.0,25.0,59.0
1426879242.614,-9.0,23.0,58.0
1426879242.645,-9.0,21.0,58.0
1426879242.677,-9.0,21.0,58.0
1426879242.708,-9.0,24.0,57.0
1426879242.739,-11.0,23.0,56.0
1426879242.77,-10.0,20.0,59.0
1426879242.802,-9.0,21.0,60.0
1426879242.833,-6.0,26.0,59.0
1426879242.864,-12.0,22.0,59.0
1426879242.896,-11.0,22.0,60.0
1426879242.927,-9.0,21.0,59.0
1426879242.958,-9.0,24.0,58.0
1426879242.989,-8.0,25.0,58.0
1426879243.021,-8.0,23.0,59.0
1426879243.052,-10.0,21.0,60.0
1426879243.083,-11.0,22.0,58.0
1426879243.114,-10.0,23.0,58.0
1426879243.146,-10.0,22.0,58.0
1426879243.177,-8.0,23.0,59.0
1426879243.208,-8.0,23.0,60.0
1426879243.239,-8.0,21.0,58.0
1426879243.271,-9.0,20.0,57.0
1426879243.302,-10.0,21.0,59.0
1426879243.333,-9.0,23.0,59.0
1426879243.364,-9.0,24.0,59.0
1426879243.396,-10.0,21.0,58.0
1426879243.427,-11.0,19.0,57.0
1426879243.458,-9.0,23.0,59.0
1426879243.489,-9.0,25.0,60.0
1426879243.521,-9.0,24.0,60.0
1426879243.552,-11.0,22.0,59.0
1426879243.583,-10.0,22.0,59.0
1426879243.614,-9.0,22.0,58.0
1426879243.646,-8.0,23.0,59.0
1426879243.677,-9.0,22.0,58.0
1426879243.708,-10.0,22.0,58.0
1426879243.739,-8.0,23.0,59.0
1426879243.771,-9.0,23.0,59.0
1426879243.802,-9.0,23.0,60.0
1426879243.833,-9.0,21.0,58.0
1426879243.864,-11.0,23.0,58.0
1426879243.896,-9.0,23.0,60.0
1426879243.927,-10.0,22.0,59.0
1426879243.958,-9.0,20.0,59.0
1426879243.989,-10.0,21.0,59.0
1426879244.021,-9.0,22.0,59.0
1426879244.052,-10.0,22.0,59.0
1426879244.083,-10.0,21.0,59.0
1426879244.114,-9.0,21.0,59.0
1426879244.146,-9.0,23.0,59.0
1426879244.177,-9.0,23.0,59.0
1426879244.208,-10.0,21.0,59.0
1426879244.239,-10.0,21.0,59.0
1426879244.271,-10.0,21.0,58.0
1426879244.302,-9.0,22.0,59.0
1426879244.333,-10.0,21.0,59.0
1426879244.364,-9.0,22.0,59.0
1426879244.396,-9.0,22.0,59.0
1426879244.427,-10.0,22.0,59.0
1426879244.458,-9.0,22.0,59.0
1426879244.489,-10.0,22.0,58.0
1426879244.521,-9.0,22.0,59.0
1426879244.552,-9.0,21.0,59.0
1426879244.583,-10.0,22.0,58.0
1426879244.614,-10.0,21.0,59.0
1426879244.646,-10.0,21.0,59.0
1426879244.677,-9.0,22.0,59.0
1426879244.708,-9.0,22.0,59.0
1426879244.739,-10.0,22.0,59.0
1426879244.771,-10.0,21.0,59.0
1426879244.802,-9.0,22.0,59.0
1426879244.833,-9.0,22.0,58.0
1426879244.864,-9.0,22.0,59.0
1426879244.896,-9.0,21.0,59.0
1426879244.927,-9.0,22.0,59.0
1426879244.958,-10.0,22.0,59.0
1426879244.989,-10.0,21.0,59.0
1426879245.021,-9.0,21.0,60.0
1426879245.052,-9.0,23.0,59.0
1426879245.083,-9.0,22.0,59.0
1426879245.114,-9.0,21.0,59.0
1426879245.146,-9.0,22.0,59.0
1426879245.177,-9.0,22.0,59.0
1426879245.208,-9.0,22.0,59.0
1426879245.239,-10.0,22.0,59.0
1426879245.271,-9.0,21.0,59.0
1426879245.302,-9.0,22.0,59.0
1426879245.333,-10.0,22.0,59.0
1426879245.364,-10.0,21.0,59.0
1426879245.396,-9.0,21.0,59.0
1426879245.427,-10.0,21.0,59.0
1426879245.458,-9.0,22.0,59.0
1426879245.489,-10.0,21.0,59.0
1426879245.521,-10.0,22.0,59.0
1426879245.552,-9.0,21.0,59.0
1426879245.583,-10.0,20.0,59.0
1426879245.614,-11.0,20.0,59.0
1426879245.646,-9.0,22.0,59.0
1426879245.677,-9.0,22.0,59.0
1426879245.708,-10.0,21.0,59.0
1426879245.739,-9.0,21.0,59.0
1426879245.771,-10.0,22.0,59.0
1426879245.802,-10.0,22.0,59.0
1426879245.833,-9.0,21.0,59.0
1426879245.864,-9.0,21.0,59.0
1426879245.896,-9.0,22.0,59.0
1426879245.927,-9.0,22.0,59.0
1426879245.958,-10.0,21.0,59.0
1426879245.989,-10.0,21.0,59.0
1426879246.021,-9.0,22.0,60.0
1426879246.052,-10.0,22.0,59.0
1426879246.083,-9.0,21.0,59.0
1426879246.114,-9.0,22.0,59.0
1426879246.146,-9.0,22.0,59.0
1426879246.177,-10.0,20.0,59.0
1426879246.208,-10.0,20.0,59.0
1426879246.239,-10.0,23.0,59.0
1426879246.271,-10.0,21.0,59.0
1426879246.302,-9.0,20.0,59.0
1426879246.333,-10.0,21.0,59.0
1426879246.364,-10.0,22.0,59.0
1426879246.396,-9.0,21.0,59.0
1426879246.427,-9.0,20.0,59.0
1426879246.458,-9.0,22.0,59.0
1426879246.489,-9.0,22.0,59.0
1426879246.521,-9.0,21.0,59.0
1426879246.552,-9.0,21.0,59.0
1426879246.583,-9.0,22.0,59.0
1426879246.614,-9.0,22.0,59.0
1426879246.646,-9.0,21.0,59.0
1426879246.677,-10.0,21.0,59.0
1426879246.708,-9.0,22.0,59.0
1426879246.739,-9.0,22.0,59.0
1426879246.771,-9.0,21.0,59.0
1426879246.802,-9.0,22.0,59.0
1426879246.833,-9.0,22.0,59.0
1426879246.864,-10.0,22.0,59.0
1426879246.896,-9.0,21.0,59.0
1426879246.927,-10.0,22.0,59.0
1426879246.958,-9.0,21.0,58.0
1426879246.989,-9.0,21.0,58.0
1426879247.021,-10.0,21.0,59.0
1426879247.052,-9.0,23.0,59.0
1426879247.083,-10.0,22.0,58.0
1426879247.114,-10.0,21.0,59.0
1426879247.146,-9.0,22.0,59.0
1426879247.177,-10.0,22.0,58.0
1426879247.208,-10.0,21.0,59.0
1426879247.239,-9.0,21.0,59.0
1426879247.271,-9.0,21.0,59.0
1426879247.302,-10.0,22.0,59.0
1426879247.333,-9.0,21.0,59.0
1426879247.364,-9.0,22.0,59.0
1426879247.396,-9.0,22.0,59.0
1426879247.427,-10.0,21.0,59.0
1426879247.458,-9.0,22.0,59.0
1426879247.489,-9.0,22.0,59.0
1426879247.521,-9.0,21.0,59.0
1426879247.552,-10.0,21.0,59.0
1426879247.583,-10.0,22.0,59.0
1426879247.614,-9.0,21.0,59.0
1426879247.646,-9.0,20.0,60.0
1426879247.677,-10.0,21.0,59.0
1426879247.708,-10.0,21.0,59.0
1426879247.739,-10.0,22.0,59.0
1426879247.771,-9.0,22.0,59.0
1426879247.802,-9.0,22.0,59.0
1426879247.833,-10.0,21.0,59.0
1426879247.864,-9.0,21.0,59.0
1426879247.896,-10.0,22.0,59.0
1426879247.927,-9.0,21.0,59.0
1426879247.958,-10.0,20.0,59.0
1426879247.989,-10.0,22.0,59.0
1426879248.021,-10.0,22.0,59.0
1426879248.052,-9.0,21.0,59.0
1426879248.083,-10.0,21.0,59.0
1426879248.114,-10.0,20.0,59.0
1426879248.146,-10.0,22.0,58.0
1426879248.177,-9.0,21.0,59.0
1426879248.208,-9.0,19.0,60.0
1426879248.24,-10.0,24.0,58.0
1426879248.271,-10.0,23.0,58.0
1426879248.302,-9.0,20.0,61.0
1426879248.333,-10.0,20.0,59.0
1426879248.364,-10.0,22.0,59.0
1426879248.396,-9.0,23.0,58.0
1426879248.427,-10.0,22.0,59.0
1426879248.458,-10.0,21.0,59.0
1426879248.49,-9.0,23.0,59.0
1426879248.521,-9.0,21.0,59.0
1426879248.552,-9.0,21.0,59.0
1426879248.583,-10.0,23.0,59.0
1426879248.615,-10.0,22.0,58.0
1426879248.646,-9.0,22.0,59.0
1426879248.677,-10.0,21.0,59.0
1426879248.708,-10.0,21.0,59.0
1426879248.74,-10.0,22.0,59.0
1426879248.771,-9.0,22.0,59.0
1426879248.802,-9.0,22.0,59.0
1426879248.833,-10.0,21.0,59.0
1426879248.865,-9.0,22.0,60.0
1426879248.896,-10.0,23.0,59.0
1426879248.927,-9.0,22.0,59.0
1426879248.958,-10.0,21.0,59.0
1426879248.99,-10.0,23.0,59.0
1426879249.021,-10.0,22.0,58.0
1426879249.052,-9.0,22.0,59.0
1426879249.083,-10.0,21.0,59.0
1426879249.115,-10.0,22.0,58.0
1426879249.146,-10.0,22.0,59.0
1426879249.177,-9.0,22.0,59.0
1426879249.208,-10.0,22.0,59.0
1426879249.24,-9.0,22.0,59.0
1426879249.271,-10.0,22.0,59.0
1426879249.302,-10.0,22.0,59.0
1426879249.333,-9.0,22.0,60.0
1426879249.365,-10.0,22.0,59.0
1426879249.396,-10.0,22.0,58.0
1426879249.427,-10.0,23.0,58.0
1426879249.458,-9.0,22.0,59.0
1426879249.49,-10.0,21.0,59.0
1426879249.521,-9.0,22.0,58.0
1426879249.552,-10.0,23.0,59.0
1426879249.583,-10.0,22.0,58.0
1426879249.615,-10.0,22.0,59.0
1426879249.646,-9.0,23.0,59.0
1426879249.677,-10.0,21.0,59.0
1426879249.708,-10.0,22.0,59.0
1426879249.74,-10.0,23.0,59.0
1426879249.771,-10.0,22.0,59.0
1426879249.802,-10.0,21.0,59.0
1426879249.833,-10.0,22.0,59.0
1426879249.865,-10.0,22.0,59.0
1426879249.896,-10.0,22.0,59.0
1426879249.927,-10.0,22.0,59.0
1426879249.958,-9.0,22.0,59.0
1426879249.99,-10.0,22.0,59.0
1426879250.021,-10.0,22.0,59.0
1426879250.052,-10.0,22.0,59.0
1426879250.083,-10.0,22.0,59.0
1426879250.115,-10.0,21.0,59.0
1426879250.146,-9.0,22.0,59.0
1426879250.177,-10.0,23.0,59.0
1426879250.208,-9.0,22.0,59.0
1426879250.24,-10.0,22.0,59.0
1426879250.271,-9.0,22.0,59.0
1426879250.302,-10.0,22.0,59.0
1426879250.333,-10.0,22.0,59.0
1426879250.365,-10.0,21.0,59.0
1426879250.396,-10.0,22.0,59.0
1426879250.427,-10.0,22.0,58.0
1426879250.458,-10.0,22.0,59.0
1426879250.49,-10.0,22.0,59.0
1426879250.521,-10.0,22.0,59.0
1426879250.552,-10.0,22.0,59.0
1426879250.583,-9.0,22.0,59.0
1426879250.615,-9.0,22.0,59.0
1426879250.646,-10.0,22.0,59.0
1426879250.677,-10.0,22.0,59.0
1426879250.708,-10.0,22.0,58.0
1426879250.74,-10.0,22.0,59.0
1426879250.771,-9.0,22.0,59.0
1426879250.802,-10.0,22.0,59.0
1426879250.833,-10.0,22.0,59.0
1426879250.865,-10.0,22.0,58.0
1426879250.896,-10.0,22.0,59.0
1426879250.927,-10.0,22.0,59.0
1426879250.958,-10.0,22.0,59.0
1426879250.99,-10.0,22.0,59.0
1426879251.021,-9.0,22.0,59.0
1426879251.052,-10.0,22.0,59.0
1426879251.083,-10.0,22.0,59.0
1426879251.115,-10.0,22.0,59.0
1426879251.146,-9.0,22.0,59.0
1426879251.177,-10.0,22.0,59.0
1426879251.208,-10.0,21.0,59.0
1426879251.24,-10.0,22.0,58.0
1426879251.271,-10.0,22.0,59.0
1426879251.302,-10.0,21.0,59.0
1426879251.333,-10.0,22.0,59.0
1426879251.365,-10.0,22.0,59.0
1426879251.396,-10.0,22.0,59.0
1426879251.427,-9.0,22.0,59.0
1426879251.458,-10.0,21.0,59.0
1426879251.49,-10.0,22.0,59.0
1426879251.521,-10.0,22.0,59.0
1426879251.552,-10.0,22.0,59.0
1426879251.583,-10.0,22.0,59.0
1426879251.615,-10.0,22.0,59.0
1426879251.646,-10.0,22.0,59.0
1426879251.677,-9.0,22.0,59.0
1426879251.708,-10.0,21.0,59.0
1426879251.74,-10.0,21.0,59.0
1426879251.771,-10.0,22.0,59.0
1426879251.802,-10.0,22.0,58.0
1426879251.833,-10.0,22.0,59.0
1426879251.865,-9.0,22.0,59.0
1426879251.896,-10.0,22.0,59.0
1426879251.927,-10.0,23.0,59.0
1426879251.958,-10.0,22.0,59.0
1426879251.99,-10.0,21.0,59.0
1426879252.021,-10.0,22.0,59.0
1426879252.052,-10.0,22.0,59.0
1426879252.083,-10.0,22.0,59.0
1426879252.115,-10.0,21.0,59.0
1426879252.146,-10.0,22.0,59.0
1426879252.177,-10.0,22.0,59.0
1426879252.208,-10.0,22.0,59.0
1426879252.24,-10.0,21.0,59.0
1426879252.271,-9.0,21.0,59.0
1426879252.302,-10.0,22.0,59.0
1426879252.333,-10.0,22.0,58.0
1426879252.365,-10.0,22.0,59.0
1426879252.396,-9.0,22.0,59.0
1426879252.427,-10.0,22.0,59.0
1426879252.458,-10.0,21.0,59.0
1426879252.49,-10.0,21.0,59.0
1426879252.521,-10.0,22.0,59.0
1426879252.552,-10.0,22.0,59.0
1426879252.583,-10.0,22.0,59.0
1426879252.615,-10.0,22.0,59.0
1426879252.646,-10.0,22.0,59.0
1426879252.677,-10.0,21.0,59.0
1426879252.708,-10.0,22.0,59.0
1426879252.74,-10.0,22.0,59.0
1426879252.771,-10.0,22.0,59.0
1426879252.802,-10.0,22.0,59.0
1426879252.833,-10.0,22.0,59.0
1426879252.865,-10.0,22.0,59.0
1426879252.896,-10.0,22.0,59.0
1426879252.927,-10.0,22.0,59.0
1426879252.958,-10.0,22.0,59.0
1426879252.99,-10.0,22.0,59.0
1426879253.021,-10.0,22.0,59.0
1426879253.052,-10.0,22.0,59.0
1426879253.083,-10.0,22.0,59.0
1426879253.115,-9.0,22.0,59.0
1426879253.146,-10.0,21.0,59.0
1426879253.177,-10.0,22.0,59.0
1426879253.208,-10.0,22.0,59.0
1426879253.24,-10.0,22.0,59.0
1426879253.271,-10.0,22.0,59.0
1426879253.302,-10.0,22.0,59.0
1426879253.333,-10.0,22.0,59.0
1426879253.365,-10.0,22.0,59.0
1426879253.396,-10.0,22.0,59.0
1426879253.427,-10.0,22.0,59.0
1426879253.458,-10.0,22.0,59.0
1426879253.49,-10.0,22.0,59.0
1426879253.521,-10.0,22.0,59.0
1426879253.552,-10.0,21.0,59.0
1426879253.583,-10.0,22.0,59.0
1426879253.615,-10.0,23.0,59.0
1426879253.646,-10.0,22.0,59.0
1426879253.677,-10.0,22.0,59.0
1426879253.708,-10.0,22.0,59.0
1426879253.74,-10.0,22.0,59.0
1426879253.771,-10.0,22.0,58.0
1426879253.802,-10.0,22.0,59.0
1426879253.834,-10.0,21.0,59.0
1426879253.865,-10.0,22.0,59.0
1426879253.896,-10.0,22.0,59.0
1426879253.927,-10.0,21.0,59.0
1426879253.959,-9.0,22.0,59.0
1426879253.99,-10.0,22.0,58.0
1426879254.021,-10.0,22.0,59.0
1426879254.052,-10.0,22.0,59.0
1426879254.084,-10.0,22.0,59.0
1426879254.115,-10.0,22.0,59.0
1426879254.146,-10.0,22.0,59.0
1426879254.177,-10.0,22.0,59.0
1426879254.209,-10.0,22.0,59.0
1426879254.24,-10.0,21.0,59.0
1426879254.271,-10.0,22.0,59.0
1426879254.302,-10.0,23.0,59.0
1426879254.334,-10.0,22.0,59.0
1426879254.365,-10.0,21.0,59.0
1426879254.396,-10.0,21.0,59.0
1426879254.427,-9.0,23.0,60.0
1426879254.459,-9.0,22.0,59.0
1426879254.49,-10.0,22.0,59.0
1426879254.521,-10.0,22.0,59.0
1426879254.552,-10.0,22.0,59.0
1426879254.584,-10.0,22.0,59.0
1426879254.615,-10.0,22.0,59.0
1426879254.646,-10.0,21.0,59.0
1426879254.677,-10.0,22.0,59.0
1426879254.709,-10.0,22.0,59.0
1426879254.74,-10.0,21.0,59.0
1426879254.771,-10.0,21.0,59.0
1426879254.802,-9.0,22.0,59.0
1426879254.834,-10.0,22.0,59.0
1426879254.865,-10.0,22.0,59.0
1426879254.896,-10.0,22.0,59.0
1426879254.927,-9.0,22.0,59.0
1426879254.959,-10.0,22.0,58.0
1426879254.99,-10.0,22.0,59.0
1426879255.021,-10.0,22.0,59.0
1426879255.052,-10.0,21.0,59.0
1426879255.084,-10.0,22.0,59.0
1426879255.115,-10.0,22.0,59.0
1426879255.146,-10.0,21.0,59.0
1426879255.177,-10.0,22.0,59.0
1426879255.209,-10.0,22.0,59.0
1426879255.24,-10.0,22.0,59.0
1426879255.271,-10.0,21.0,59.0
1426879255.302,-10.0,22.0,59.0
1426879255.334,-10.0,22.0,59.0
1426879255.365,-10.0,22.0,59.0
1426879255.396,-10.0,22.0,59.0
1426879255.427,-10.0,21.0,59.0
1426879255.459,-10.0,21.0,59.0
1426879255.49,-10.0,21.0,59.0
1426879255.521,-10.0,22.0,59.0
1426879255.552,-9.0,21.0,59.0
1426879255.584,-10.0,21.0,59.0
1426879255.615,-10.0,21.0,59.0
1426879255.646,-10.0,22.0,59.0
1426879255.677,-10.0,22.0,59.0
1426879255.709,-10.0,21.0,59.0
1426879255.74,-10.0,22.0,59.0
1426879255.771,-10.0,22.0,59.0
1426879255.802,-10.0,21.0,59.0
1426879255.834,-10.0,21.0,59.0
1426879255.865,-10.0,22.0,59.0
1426879255.896,-10.0,21.0,59.0
1426879255.927,-10.0,22.0,59.0
1426879255.959,-10.0,22.0,59.0
1426879255.99,-10.0,21.0,59.0
1426879256.021,-10.0,21.0,59.0
1426879256.052,-9.0,22.0,59.0
1426879256.084,-10.0,21.0,59.0
1426879256.115,-10.0,21.0,59.0
1426879256.146,-10.0,22.0,59.0
1426879256.177,-10.0,22.0,59.0
1426879256.209,-10.0,21.0,59.0
1426879256.24,-10.0,21.0,59.0
1426879256.271,-10.0,22.0,59.0
1426879256.302,-10.0,21.0,59.0
1426879256.334,-10.0,21.0,60.0
1426879256.365,-10.0,21.0,59.0
1426879256.396,-10.0,21.0,59.0
1426879256.427,-10.0,22.0,59.0
1426879256.459,-9.0,22.0,59.0
1426879256.49,-9.0,22.0,59.0
1426879256.521,-10.0,21.0,59.0
1426879256.552,-10.0,21.0,59.0
1426879256.584,-10.0,22.0,59.0
1426879256.615,-10.0,21.0,59.0
1426879256.646,-10.0,20.0,59.0
1426879256.677,-10.0,22.0,59.0
1426879256.709,-10.0,23.0,59.0
1426879256.74,-9.0,22.0,59.0
1426879256.771,-10.0,20.0,59.0
1426879256.802,-10.0,22.0,59.0
1426879256.834,-10.0,22.0,59.0
1426879256.865,-10.0,21.0,59.0
1426879256.896,-10.0,21.0,59.0
1426879256.927,-10.0,22.0,59.0
1426879256.959,-10.0,22.0,59.0
1426879256.99,-10.0,21.0,59.0
1426879257.021,-10.0,21.0,59.0
1426879257.052,-10.0,21.0,59.0
1426879257.084,-10.0,22.0,59.0
1426879257.115,-9.0,22.0,59.0
1426879257.146,-10.0,21.0,59.0
1426879257.177,-10.0,21.0,59.0
1426879257.209,-10.0,22.0,59.0
1426879257.24,-9.0,22.0,59.0
1426879257.271,-10.0,21.0,59.0
1426879257.302,-10.0,22.0,59.0
1426879257.334,-10.0,22.0,59.0
1426879257.365,-10.0,21.0,59.0
1426879257.396,-10.0,21.0,59.0
1426879257.427,-10.0,22.0,59.0
1426879257.459,-10.0,22.0,59.0
1426879257.49,-10.0,22.0,59.0
1426879257.521,-9.0,21.0,59.0
1426879257.552,-10.0,22.0,59.0
1426879257.584,-10.0,22.0,59.0
1426879257.615,-9.0,22.0,59.0
1426879257.646,-10.0,22.0,59.0
1426879257.677,-10.0,22.0,59.0
1426879257.709,-10.0,22.0,59.0
1426879257.74,-10.0,21.0,59.0
1426879257.771,-10.0,22.0,59.0
1426879257.802,-10.0,22.0,59.0
1426879257.834,-10.0,22.0,59.0
1426879257.865,-9.0,22.0,59.0
1426879257.896,-10.0,22.0,59.0
1426879257.927,-10.0,22.0,59.0
1426879257.959,-10.0,22.0,59.0
1426879257.99,-9.0,22.0,59.0
1426879258.021,-10.0,22.0,59.0
1426879258.052,-10.0,21.0,59.0
1426879258.084,-10.0,22.0,59.0
1426879258.115,-10.0,22.0,59.0
1426879258.146,-10.0,22.0,59.0
1426879258.177,-10.0,22.0,59.0
1426879258.209,-10.0,21.0,59.0
1426879258.24,-9.0,21.0,59.0
1426879258.271,-10.0,22.0,59.0
1426879258.302,-10.0,21.0,59.0
1426879258.334,-10.0,21.0,59.0
1426879258.365,-10.0,22.0,59.0
1426879258.396,-10.0,22.0,59.0
1426879258.427,-10.0,22.0,59.0
1426879258.459,-10.0,21.0,59.0
1426879258.49,-10.0,21.0,59.0
1426879258.521,-10.0,21.0,59.0
1426879258.552,-10.0,22.0,59.0
1426879258.584,-10.0,21.0,59.0
1426879258.615,-10.0,21.0,59.0
1426879258.646,-10.0,22.0,59.0
1426879258.677,-10.0,22.0,59.0
1426879258.709,-10.0,22.0,59.0
1426879258.74,-9.0,21.0,59.0
1426879258.771,-9.0,22.0,59.0
1426879258.802,-10.0,21.0,59.0
1426879258.834,-10.0,22.0,59.0
1426879258.865,-10.0,22.0,59.0
1426879258.896,-10.0,21.0,59.0
1426879258.927,-10.0,21.0,59.0
1426879258.959,-10.0,22.0,59.0
1426879258.99,-9.0,21.0,59.0
1426879259.021,-10.0,21.0,59.0
1426879259.052,-10.0,21.0,59.0
1426879259.084,-10.0,22.0,59.0
1426879259.115,-10.0,22.0,59.0
1426879259.146,-10.0,21.0,59.0
1426879259.178,-10.0,21.0,59.0
1426879259.209,-10.0,22.0,59.0
1426879259.24,-10.0,21.0,59.0
1426879259.271,-10.0,21.0,59.0
1426879259.302,-10.0,21.0,59.0
1426879259.334,-10.0,22.0,59.0
1426879259.365,-10.0,22.0,59.0
1426879259.396,-9.0,21.0,59.0
1426879259.428,-10.0,21.0,59.0
1426879259.459,-10.0,21.0,59.0
1426879259.49,-10.0,22.0,59.0
1426879259.521,-10.0,22.0,59.0
1426879259.553,-10.0,21.0,59.0
1426879259.584,-10.0,22.0,59.0
1426879259.615,-10.0,22.0,59.0
1426879259.646,-10.0,21.0,59.0
1426879259.678,-10.0,21.0,59.0
1426879259.709,-10.0,21.0,59.0
1426879259.74,-10.0,22.0,59.0
1426879259.771,-10.0,22.0,59.0
1426879259.803,-10.0,21.0,59.0
1426879259.834,-10.0,21.0,59.0
1426879259.865,-10.0,21.0,59.0
1426879259.896,-10.0,22.0,59.0
1426879259.928,-10.0,22.0,59.0
1426879259.959,-10.0,21.0,59.0
1426879259.99,-10.0,21.0,59.0
1426879260.021,-10.0,22.0,59.0
1426879260.053,-10.0,22.0,59.0
1426879260.084,-10.0,21.0,59.0
1426879260.115,-10.0,22.0,59.0
1426879260.146,-10.0,21.0,59.0
1426879260.178,-10.0,22.0,59.0
1426879260.209,-10.0,22.0,59.0
1426879260.24,-9.0,21.0,59.0
1426879260.271,-10.0,21.0,59.0
1426879260.303,-10.0,22.0,59.0
1426879260.334,-10.0,22.0,59.0
1426879260.365,-10.0,21.0,59.0
1426879260.396,-10.0,22.0,59.0
1426879260.428,-10.0,21.0,59.0
1426879260.459,-10.0,22.0,59.0
1426879260.49,-10.0,21.0,59.0
1426879260.521,-10.0,21.0,59.0
1426879260.553,-10.0,21.0,59.0
1426879260.584,-10.0,22.0,59.0
1426879260.615,-10.0,21.0,59.0
1426879260.646,-10.0,21.0,59.0
1426879260.678,-10.0,22.0,59.0
1426879260.709,-10.0,21.0,59.0
1426879260.74,-10.0,21.0,59.0
1426879260.771,-10.0,22.0,59.0
1426879260.803,-10.0,22.0,59.0
1426879260.834,-10.0,21.0,59.0
1426879260.865,-10.0,22.0,59.0
1426879260.896,-10.0,21.0,59.0
1426879260.928,-10.0,21.0,59.0
1426879260.959,-10.0,22.0,59.0
1426879260.99,-10.0,22.0,59.0
1426879261.021,-10.0,22.0,59.0
1426879261.053,-10.0,21.0,59.0
1426879261.084,-9.0,21.0,59.0
1426879261.115,-10.0,21.0,59.0
1426879261.146,-10.0,21.0,59.0
1426879261.178,-10.0,22.0,59.0
1426879261.209,-10.0,22.0,59.0
1426879261.24,-9.0,22.0,59.0
1426879261.271,-10.0,22.0,59.0
1426879261.303,-10.0,22.0,59.0
1426879261.334,-10.0,22.0,59.0
1426879261.365,-10.0,22.0,59.0
1426879261.396,-10.0,21.0,59.0
1426879261.428,-9.0,22.0,59.0
1426879261.459,-10.0,22.0,59.0
1426879261.49,-10.0,21.0,59.0
1426879261.521,-10.0,22.0,59.0
1426879261.553,-10.0,22.0,59.0
1426879261.584,-10.0,21.0,59.0
1426879261.615,-10.0,22.0,59.0
1426879261.646,-10.0,22.0,59.0
1426879261.678,-10.0,22.0,59.0
1426879261.709,-10.0,22.0,59.0
1426879261.74,-10.0,22.0,59.0
1426879261.771,-10.0,22.0,59.0
1426879261.803,-10.0,21.0,59.0
1426879261.834,-10.0,21.0,59.0
1426879261.865,-10.0,21.0,59.0
1426879261.896,-9.0,22.0,59.0
1426879261.928,-10.0,21.0,59.0
1426879261.959,-10.0,21.0,59.0
1426879261.99,-10.0,22.0,59.0
1426879262.021,-10.0,22.0,59.0
1426879262.053,-9.0,21.0,59.0
1426879262.084,-10.0,22.0,59.0
1426879262.115,-10.0,22.0,59.0
1426879262.146,-10.0,22.0,59.0
1426879262.178,-10.0,22.0,59.0
1426879262.209,-10.0,21.0,59.0
1426879262.24,-10.0,22.0,59.0
1426879262.271,-10.0,22.0,59.0
1426879262.303,-10.0,21.0,59.0
1426879262.334,-10.0,21.0,59.0
1426879262.365,-10.0,22.0,59.0
1426879262.396,-10.0,22.0,59.0
1426879262.428,-10.0,21.0,59.0
1426879262.459,-10.0,21.0,59.0
1426879262.49,-10.0,21.0,59.0
1426879262.521,-10.0,21.0,59.0
1426879262.553,-10.0,21.0,59.0
1426879262.584,-10.0,21.0,59.0
1426879262.615,-10.0,21.0,59.0
1426879262.646,-10.0,21.0,59.0
1426879262.678,-10.0,22.0,59.0
1426879262.709,-10.0,21.0,59.0
1426879262.74,-10.0,21.0,59.0
1426879262.771,-10.0,22.0,59.0
1426879262.803,-10.0,22.0,59.0
1426879262.834,-10.0,22.0,59.0
1426879262.865,-10.0,21.0,59.0
1426879262.896,-10.0,22.0,59.0
1426879262.928,-10.0,22.0,59.0
1426879262.959,-10.0,21.0,59.0
1426879262.99,-10.0,21.0,59.0
1426879263.021,-10.0,21.0,59.0
1426879263.053,-10.0,22.0,59.0
1426879263.084,-10.0,21.0,59.0
1426879263.115,-10.0,21.0,59.0
1426879263.146,-10.0,21.0,59.0
1426879263.178,-10.0,21.0,59.0
1426879263.209,-10.0,22.0,59.0
1426879263.24,-10.0,21.0,59.0
1426879263.271,-10.0,21.0,59.0
1426879263.303,-10.0,21.0,59.0
1426879263.334,-10.0,22.0,59.0
1426879263.365,-10.0,21.0,59.0
1426879263.396,-10.0,21.0,59.0
1426879263.428,-10.0,22.0,59.0
1426879263.459,-10.0,21.0,59.0
1426879263.49,-10.0,21.0,59.0
1426879263.521,-10.0,22.0,59.0
1426879263.553,-9.0,21.0,59.0
1426879263.584,-10.0,21.0,59.0
1426879263.615,-10.0,21.0,59.0
1426879263.646,-10.0,22.0,59.0
1426879263.678,-10.0,21.0,59.0
1426879263.709,-9.0,21.0,59.0
1426879263.74,-9.0,22.0,59.0
1426879263.771,-10.0,22.0,59.0
1426879263.803,-10.0,22.0,59.0
1426879263.834,-9.0,21.0,59.0
1426879263.865,-10.0,21.0,59.0
1426879263.896,-10.0,22.0,59.0
1426879263.928,-10.0,22.0,59.0
1426879263.959,-10.0,21.0,59.0
1426879263.99,-10.0,21.0,59.0
1426879264.021,-10.0,22.0,59.0
1426879264.053,-10.0,22.0,59.0
1426879264.084,-10.0,21.0,59.0
1426879264.115,-10.0,21.0,59.0
1426879264.146,-10.0,22.0,59.0
1426879264.178,-10.0,22.0,59.0
1426879264.209,-10.0,22.0,59.0
1426879264.24,-10.0,21.0,59.0
1426879264.271,-9.0,22.0,59.0
1426879264.303,-10.0,22.0,59.0
1426879264.334,-10.0,21.0,59.0
1426879264.365,-10.0,21.0,59.0
1426879264.396,-10.0,21.0,59.0
1426879264.428,-10.0,22.0,59.0
1426879264.459,-10.0,22.0,59.0
1426879264.49,-10.0,22.0,59.0
1426879264.521,-10.0,22.0,59.0
1426879264.553,-10.0,22.0,59.0
1426879264.584,-10.0,22.0,59.0
1426879264.615,-10.0,22.0,59.0
1426879264.646,-10.0,21.0,59.0
1426879264.678,-10.0,22.0,59.0
1426879264.709,-10.0,22.0,59.0
1426879264.74,-10.0,21.0,59.0
1426879264.772,-10.0,21.0,59.0
1426879264.803,-10.0,22.0,59.0
1426879264.834,-10.0,22.0,59.0
1426879264.865,-10.0,21.0,59.0
1426879264.897,-10.0,21.0,59.0
1426879264.928,-10.0,21.0,59.0
1426879264.959,-9.0,22.0,59.0
1426879264.99,-10.0,21.0,59.0
1426879265.022,-10.0,21.0,59.0
1426879265.053,-9.0,21.0,59.0
1426879265.084,-10.0,22.0,59.0
1426879265.115,-10.0,22.0,59.0
1426879265.147,-10.0,22.0,59.0
1426879265.178,-10.0,21.0,59.0
1426879265.209,-10.0,21.0,59.0
1426879265.24,-10.0,22.0,59.0
1426879265.272,-10.0,22.0,59.0
1426879265.303,-10.0,21.0,59.0
1426879265.334,-10.0,22.0,59.0
1426879265.365,-9.0,22.0,59.0
1426879265.397,-10.0,22.0,59.0
1426879265.428,-10.0,21.0,59.0
1426879265.459,-10.0,21.0,59.0
1426879265.49,-10.0,22.0,59.0
1426879265.522,-10.0,21.0,59.0
1426879265.553,-10.0,21.0,59.0
1426879265.584,-10.0,21.0,59.0
1426879265.615,-10.0,21.0,59.0
1426879265.647,-10.0,22.0,59.0
1426879265.678,-9.0,22.0,59.0
1426879265.709,-10.0,21.0,59.0
1426879265.74,-10.0,21.0,59.0
1426879265.772,-10.0,21.0,59.0
1426879265.803,-10.0,21.0,59.0
1426879265.834,-10.0,22.0,59.0
1426879265.865,-10.0,21.0,59.0
1426879265.897,-10.0,21.0,59.0
1426879265.928,-9.0,21.0,59.0
1426879265.959,-10.0,21.0,59.0
1426879265.99,-10.0,22.0,59.0
1426879266.022,-10.0,21.0,59.0
1426879266.053,-10.0,21.0,59.0
1426879266.084,-9.0,22.0,59.0
1426879266.115,-10.0,22.0,59.0
1426879266.147,-10.0,21.0,59.0
1426879266.178,-10.0,21.0,59.0
1426879266.209,-10.0,22.0,59.0
1426879266.24,-10.0,21.0,59.0
1426879266.272,-10.0,21.0,59.0
1426879266.303,-10.0,22.0,59.0
1426879266.334,-10.0,22.0,59.0
1426879266.365,-10.0,21.0,59.0
1426879266.397,-10.0,21.0,59.0
1426879266.428,-9.0,22.0,59.0
1426879266.459,-10.0,22.0,59.0
1426879266.49,-10.0,21.0,59.0
1426879266.522,-10.0,21.0,59.0
1426879266.553,-10.0,21.0,59.0
1426879266.584,-10.0,21.0,59.0
1426879266.615,-10.0,21.0,59.0
1426879266.647,-10.0,22.0,59.0
1426879266.678,-10.0,21.0,59.0
1426879266.709,-10.0,21.0,59.0
1426879266.74,-10.0,22.0,59.0
1426879266.772,-9.0,21.0,59.0
1426879266.803,-10.0,21.0,59.0
1426879266.834,-10.0,21.0,59.0
1426879266.865,-10.0,21.0,59.0
1426879266.897,-10.0,22.0,59.0
1426879266.928,-9.0,22.0,59.0
1426879266.959,-10.0,21.0,59.0
1426879266.99,-10.0,21.0,59.0
1426879267.022,-10.0,22.0,59.0
1426879267.053,-10.0,22.0,59.0
1426879267.084,-10.0,21.0,59.0
1426879267.115,-10.0,21.0,59.0
1426879267.147,-10.0,22.0,59.0
1426879267.178,-10.0,22.0,59.0
1426879267.209,-10.0,21.0,59.0
1426879267.24,-10.0,22.0,59.0
1426879267.272,-10.0,21.0,59.0
1426879267.303,-10.0,22.0,59.0
1426879267.334,-10.0,22.0,59.0
1426879267.365,-10.0,22.0,59.0
1426879267.397,-10.0,21.0,59.0
1426879267.428,-10.0,21.0,59.0
1426879267.459,-10.0,22.0,59.0
1426879267.49,-9.0,22.0,59.0
1426879267.522,-10.0,21.0,59.0
1426879267.553,-10.0,22.0,59.0
1426879267.584,-10.0,22.0,59.0
1426879267.615,-10.0,22.0,59.0
1426879267.647,-10.0,21.0,59.0
1426879267.678,-10.0,21.0,59.0
1426879267.709,-10.0,21.0,59.0
1426879267.74,-10.0,22.0,59.0
1426879267.772,-10.0,22.0,59.0
1426879267.803,-10.0,21.0,59.0
1426879267.834,-10.0,22.0,59.0
1426879267.865,-10.0,22.0,59.0
1426879267.897,-10.0,21.0,59.0
1426879267.928,-10.0,22.0,59.0
1426879267.959,-10.0,22.0,59.0
1426879267.99,-10.0,21.0,59.0
1426879268.022,-10.0,22.0,59.0
1426879268.053,-10.0,21.0,59.0
1426879268.084,-10.0,21.0,59.0
1426879268.115,-10.0,21.0,59.0
1426879268.147,-9.0,22.0,59.0
1426879268.178,-10.0,22.0,59.0
1426879268.209,-10.0,21.0,59.0
1426879268.24,-10.0,21.0,59.0
1426879268.272,-10.0,22.0,58.0
1426879268.303,-10.0,21.0,59.0
1426879268.334,-10.0,21.0,59.0
1426879268.365,-10.0,21.0,59.0
1426879268.397,-10.0,21.0,59.0
1426879268.428,-9.0,21.0,59.0
1426879268.459,-9.0,22.0,59.0
1426879268.49,-10.0,22.0,59.0
1426879268.522,-9.0,21.0,59.0
1426879268.553,-10.0,21.0,59.0
1426879268.584,-9.0,22.0,59.0
1426879268.615,-10.0,22.0,59.0
1426879268.647,-10.0,21.0,59.0
1426879268.678,-10.0,21.0,59.0
1426879268.709,-10.0,22.0,59.0
1426879268.74,-10.0,21.0,59.0
1426879268.772,-9.0,21.0,59.0
1426879268.803,-10.0,22.0,59.0
1426879268.834,-10.0,21.0,59.0
1426879268.865,-9.0,21.0,59.0
1426879268.897,-10.0,21.0,59.0
1426879268.928,-10.0,21.0,59.0
1426879268.959,-10.0,21.0,58.0
1426879268.99,-9.0,22.0,59.0
1426879269.022,-10.0,21.0,59.0
1426879269.053,-10.0,21.0,59.0
1426879269.084,-10.0,22.0,59.0
1426879269.115,-10.0,21.0,59.0
1426879269.147,-10.0,22.0,59.0
1426879269.178,-10.0,21.0,59.0
1426879269.209,-9.0,22.0,59.0
1426879269.24,-10.0,21.0,59.0
1426879269.272,-10.0,21.0,59.0
1426879269.303,-9.0,21.0,59.0
1426879269.334,-10.0,21.0,59.0
1426879269.365,-10.0,21.0,59.0
1426879269.397,-10.0,21.0,59.0
1426879269.428,-9.0,22.0,59.0
1426879269.459,-9.0,21.0,59.0
1426879269.49,-10.0,21.0,59.0
1426879269.522,-10.0,21.0,59.0
1426879269.553,-10.0,21.0,59.0
1426879269.584,-10.0,21.0,59.0
1426879269.615,-10.0,21.0,59.0
1426879269.647,-10.0,21.0,59.0
1426879269.678,-10.0,22.0,59.0
1426879269.709,-10.0,22.0,59.0
1426879269.74,-10.0,21.0,59.0
1426879269.772,-10.0,21.0,59.0
1426879269.803,-10.0,21.0,59.0
1426879269.834,-10.0,22.0,59.0
1426879269.865,-10.0,21.0,59.0
1426879269.897,-10.0,21.0,59.0
1426879269.928,-9.0,21.0,59.0
1426879269.959,-10.0,22.0,59.0
1426879269.99,-10.0,21.0,59.0
1426879270.022,-10.0,21.0,59.0
1426879270.053,-10.0,21.0,59.0
1426879270.084,-10.0,21.0,59.0
1426879270.116,-9.0,22.0,59.0
1426879270.147,-10.0,22.0,59.0
1426879270.178,-10.0,20.0,59.0
1426879270.209,-10.0,21.0,60.0
1426879270.24,-10.0,22.0,59.0
1426879270.272,-10.0,22.0,59.0
1426879270.303,-10.0,21.0,59.0
1426879270.334,-10.0,22.0,59.0
1426879270.366,-10.0,22.0,59.0
1426879270.397,-10.0,21.0,59.0
1426879270.428,-10.0,21.0,59.0
1426879270.459,-10.0,22.0,59.0
1426879270.491,-10.0,22.0,59.0
1426879270.522,-10.0,21.0,59.0
1426879270.553,-10.0,21.0,59.0
1426879270.584,-10.0,21.0,59.0
1426879270.616,-10.0,21.0,59.0
1426879270.647,-10.0,21.0,59.0
1426879270.678,-10.0,21.0,59.0
1426879270.709,-9.0,21.0,59.0
1426879270.741,-10.0,21.0,59.0
1426879270.772,-10.0,22.0,59.0
1426879270.803,-9.0,21.0,59.0
1426879270.834,-10.0,22.0,58.0
1426879270.866,-11.0,21.0,60.0
1426879270.897,-10.0,21.0,59.0
1426879270.928,-8.0,21.0,59.0
1426879270.959,-9.0,20.0,59.0
1426879270.991,-10.0,21.0,59.0
1426879271.022,-9.0,22.0,59.0
1426879271.053,-9.0,22.0,59.0
1426879271.084,-10.0,21.0,59.0
1426879271.116,-10.0,21.0,59.0
1426879271.147,-10.0,22.0,59.0
1426879271.178,-9.0,22.0,59.0
1426879271.209,-10.0,21.0,59.0
1426879271.241,-10.0,21.0,59.0
1426879271.272,-10.0,22.0,59.0
1426879271.303,-10.0,21.0,59.0
1426879271.334,-9.0,20.0,59.0
1426879271.366,-10.0,22.0,59.0
1426879271.397,-10.0,21.0,59.0
1426879271.428,-10.0,21.0,59.0
1426879271.459,-10.0,21.0,59.0
1426879271.491,-10.0,21.0,59.0
1426879271.522,-10.0,21.0,59.0
1426879271.553,-10.0,21.0,59.0
1426879271.584,-10.0,21.0,59.0
1426879271.616,-9.0,21.0,59.0
1426879271.647,-10.0,21.0,59.0
1426879271.678,-10.0,21.0,59.0
1426879271.709,-10.0,22.0,59.0
1426879271.741,-10.0,21.0,59.0
1426879271.772,-10.0,20.0,59.0
1426879271.803,-10.0,21.0,59.0
1426879271.834,-10.0,22.0,59.0
1426879271.866,-10.0,21.0,59.0
1426879271.897,-10.0,20.0,59.0
1426879271.928,-9.0,21.0,60.0
1426879271.959,-10.0,22.0,59.0
1426879271.991,-10.0,21.0,59.0
1426879272.022,-9.0,20.0,59.0
1426879272.053,-10.0,21.0,59.0
1426879272.084,-10.0,22.0,59.0
1426879272.116,-10.0,21.0,59.0
1426879272.147,-10.0,21.0,59.0
1426879272.178,-10.0,21.0,59.0
1426879272.209,-10.0,21.0,59.0
1426879272.241,-10.0,22.0,59.0
1426879272.272,-10.0,21.0,59.0
1426879272.303,-10.0,21.0,59.0
1426879272.334,-10.0,21.0,59.0
1426879272.366,-10.0,22.0,59.0
1426879272.397,-10.0,21.0,59.0
1426879272.428,-10.0,21.0,59.0
1426879272.459,-10.0,21.0,60.0
1426879272.491,-10.0,21.0,59.0
1426879272.522,-10.0,21.0,59.0
1426879272.553,-10.0,21.0,59.0
1426879272.584,-10.0,22.0,59.0
1426879272.616,-10.0,21.0,59.0
1426879272.647,-10.0,21.0,60.0
1426879272.678,-10.0,22.0,59.0
1426879272.709,-10.0,22.0,59.0
1426879272.741,-10.0,21.0,59.0
1426879272.772,-9.0,21.0,59.0
1426879272.803,-10.0,21.0,59.0
1426879272.834,-10.0,21.0,59.0
1426879272.866,-10.0,21.0,59.0
1426879272.897,-10.0,21.0,59.0
1426879272.928,-10.0,21.0,59.0
1426879272.959,-10.0,21.0,59.0
1426879272.991,-10.0,22.0,59.0
1426879273.022,-10.0,21.0,59.0
1426879273.053,-10.0,21.0,59.0
1426879273.084,-9.0,22.0,59.0
1426879273.116,-10.0,22.0,59.0
1426879273.147,-9.0,21.0,59.0
1426879273.178,-10.0,21.0,59.0
1426879273.209,-10.0,21.0,59.0
1426879273.241,-10.0,21.0,59.0
1426879273.272,-10.0,21.0,59.0
1426879273.303,-10.0,21.0,59.0
1426879273.334,-10.0,22.0,59.0
1426879273.366,-10.0,22.0,59.0
1426879273.397,-10.0,21.0,59.0
1426879273.428,-10.0,22.0,59.0
1426879273.459,-10.0,22.0,59.0
1426879273.491,-9.0,22.0,59.0
1426879273.522,-10.0,21.0,59.0
1426879273.553,-10.0,21.0,59.0
1426879273.584,-10.0,22.0,59.0
1426879273.616,-10.0,22.0,59.0
1426879273.647,-10.0,21.0,60.0
1426879273.678,-10.0,21.0,59.0
1426879273.709,-9.0,21.0,59.0
1426879273.741,-10.0,21.0,59.0
1426879273.772,-10.0,21.0,59.0
1426879273.803,-10.0,22.0,59.0
1426879273.834,-10.0,22.0,59.0
1426879273.866,-10.0,21.0,59.0
1426879273.897,-10.0,21.0,59.0
1426879273.928,-10.0,21.0,59.0
1426879273.959,-10.0,21.0,59.0
1426879273.991,-10.0,21.0,59.0
1426879274.022,-10.0,21.0,59.0
1426879274.053,-10.0,21.0,59.0
1426879274.084,-10.0,21.0,59.0
1426879274.116,-10.0,22.0,59.0
1426879274.147,-10.0,22.0,59.0
1426879274.178,-10.0,21.0,59.0
1426879274.209,-9.0,21.0,59.0
1426879274.241,-9.0,22.0,59.0
1426879274.272,-10.0,21.0,58.0
1426879274.303,-11.0,21.0,60.0
1426879274.334,-12.0,23.0,60.0
1426879274.366,-12.0,20.0,59.0
1426879274.397,-10.0,20.0,58.0
1426879274.428,-8.0,18.0,58.0
1426879274.459,-10.0,22.0,60.0
1426879274.491,-11.0,21.0,59.0
1426879274.522,-11.0,21.0,59.0
1426879274.553,-10.0,21.0,59.0
1426879274.584,-9.0,22.0,59.0
1426879274.616,-10.0,21.0,58.0
1426879274.647,-10.0,21.0,59.0
1426879274.678,-9.0,21.0,60.0
1426879274.709,-10.0,21.0,59.0
1426879274.741,-10.0,21.0,59.0
1426879274.772,-10.0,20.0,59.0
1426879274.803,-10.0,21.0,59.0
1426879274.834,-10.0,21.0,59.0
1426879274.866,-10.0,21.0,59.0
1426879274.897,-10.0,21.0,59.0
1426879274.928,-10.0,22.0,59.0
1426879274.959,-10.0,21.0,59.0
1426879274.991,-10.0,19.0,59.0
1426879275.022,-10.0,20.0,60.0
1426879275.053,-10.0,21.0,59.0
1426879275.084,-10.0,21.0,59.0
1426879275.116,-10.0,20.0,59.0
1426879275.147,-10.0,21.0,59.0
1426879275.178,-10.0,21.0,59.0
1426879275.209,-10.0,20.0,59.0
1426879275.241,-10.0,21.0,59.0
1426879275.272,-10.0,22.0,60.0
1426879275.303,-10.0,21.0,59.0
1426879275.334,-10.0,20.0,59.0
1426879275.366,-10.0,19.0,59.0
1426879275.397,-9.0,21.0,60.0
1426879275.428,-10.0,20.0,59.0
1426879275.459,-10.0,20.0,59.0
1426879275.491,-10.0,21.0,60.0
1426879275.522,-11.0,21.0,59.0
1426879275.553,-11.0,20.0,59.0
1426879275.584,-10.0,20.0,60.0
1426879275.616,-10.0,21.0,58.0
1426879275.647,-11.0,21.0,58.0
1426879275.678,-10.0,21.0,59.0
1426879275.71,-8.0,22.0,60.0
1426879275.741,-9.0,22.0,60.0
1426879275.772,-11.0,19.0,59.0
1426879275.803,-10.0,21.0,60.0
1426879275.835,-9.0,22.0,59.0
1426879275.866,-10.0,20.0,58.0
1426879275.897,-11.0,21.0,61.0
1426879275.928,-8.0,21.0,57.0
1426879275.96,-9.0,21.0,58.0
1426879275.991,-9.0,20.0,60.0
1426879276.022,-11.0,20.0,60.0
1426879276.053,-11.0,22.0,59.0
1426879276.085,-10.0,22.0,59.0
1426879276.116,-10.0,21.0,59.0
1426879276.147,-10.0,20.0,59.0
1426879276.178,-10.0,22.0,59.0
1426879276.21,-10.0,21.0,59.0
1426879276.241,-10.0,21.0,59.0
1426879276.272,-10.0,20.0,60.0
1426879276.303,-10.0,21.0,58.0
1426879276.335,-11.0,21.0,59.0
1426879276.366,-10.0,20.0,59.0
1426879276.397,-10.0,22.0,59.0
1426879276.428,-10.0,21.0,58.0
1426879276.46,-9.0,19.0,59.0
1426879276.491,-9.0,20.0,59.0
1426879276.522,-9.0,24.0,60.0
1426879276.553,-10.0,23.0,59.0
1426879276.585,-9.0,19.0,60.0
1426879276.616,-11.0,21.0,59.0
1426879276.647,-10.0,22.0,58.0
1426879276.678,-10.0,21.0,59.0
1426879276.71,-10.0,20.0,59.0
1426879276.741,-10.0,21.0,60.0
1426879276.772,-8.0,22.0,60.0
1426879276.803,-10.0,21.0,59.0
1426879276.835,-10.0,20.0,59.0
1426879276.866,-10.0,21.0,60.0
1426879276.897,-11.0,21.0,59.0
1426879276.928,-11.0,19.0,59.0
1426879276.96,-11.0,20.0,59.0
1426879276.991,-8.0,21.0,57.0
1426879277.022,-8.0,20.0,59.0
1426879277.053,-10.0,21.0,61.0
1426879277.085,-10.0,22.0,60.0
1426879277.116,-9.0,23.0,59.0
1426879277.147,-9.0,22.0,60.0
1426879277.178,-10.0,21.0,60.0
1426879277.21,-12.0,21.0,58.0
1426879277.241,-11.0,20.0,58.0
1426879277.272,-11.0,18.0,59.0
1426879277.303,-10.0,20.0,59.0
1426879277.335,-9.0,22.0,60.0
1426879277.366,-10.0,20.0,59.0
1426879277.397,-10.0,21.0,60.0
1426879277.428,-10.0,21.0,59.0
1426879277.46,-10.0,21.0,59.0
1426879277.491,-11.0,19.0,59.0
1426879277.522,-10.0,21.0,60.0
1426879277.553,-10.0,22.0,59.0
1426879277.585,-9.0,21.0,59.0
1426879277.616,-9.0,19.0,60.0
1426879277.647,-10.0,22.0,59.0
1426879277.678,-10.0,23.0,59.0
1426879277.71,-10.0,21.0,59.0
1426879277.741,-11.0,19.0,60.0
1426879277.772,-11.0,20.0,59.0
1426879277.803,-8.0,21.0,59.0
1426879277.835,-9.0,20.0,60.0
1426879277.866,-10.0,21.0,59.0
1426879277.897,-10.0,22.0,59.0
1426879277.928,-10.0,21.0,59.0
1426879277.96,-10.0,20.0,59.0
1426879277.991,-10.0,20.0,59.0
1426879278.022,-10.0,21.0,59.0
1426879278.053,-10.0,20.0,60.0
1426879278.085,-11.0,21.0,60.0
1426879278.116,-10.0,22.0,59.0
1426879278.147,-10.0,22.0,59.0
1426879278.178,-10.0,21.0,60.0
1426879278.21,-10.0,20.0,59.0
1426879278.241,-10.0,21.0,59.0
1426879278.272,-10.0,22.0,60.0
1426879278.303,-10.0,22.0,59.0
1426879278.335,-9.0,20.0,60.0
1426879278.366,-9.0,20.0,60.0
1426879278.397,-10.0,22.0,59.0
1426879278.428,-10.0,21.0,59.0
1426879278.46,-10.0,20.0,59.0
1426879278.491,-11.0,21.0,59.0
1426879278.522,-10.0,22.0,59.0
1426879278.553,-10.0,21.0,59.0
1426879278.585,-10.0,20.0,59.0
1426879278.616,-11.0,20.0,59.0
1426879278.647,-10.0,21.0,59.0
1426879278.678,-10.0,21.0,59.0
1426879278.71,-10.0,20.0,59.0
1426879278.741,-10.0,21.0,59.0
1426879278.772,-10.0,22.0,59.0
1426879278.803,-10.0,20.0,59.0
1426879278.835,-10.0,20.0,59.0
1426879278.866,-10.0,22.0,59.0
1426879278.897,-10.0,22.0,59.0
1426879278.928,-10.0,20.0,60.0
1426879278.96,-10.0,21.0,59.0
1426879278.991,-10.0,21.0,59.0
1426879279.022,-10.0,21.0,59.0
1426879279.053,-10.0,20.0,59.0
1426879279.085,-10.0,21.0,59.0
1426879279.116,-10.0,21.0,59.0
1426879279.147,-10.0,21.0,59.0
1426879279.178,-10.0,21.0,59.0
1426879279.21,-10.0,21.0,59.0
1426879279.241,-10.0,21.0,59.0
1426879279.272,-10.0,21.0,59.0
1426879279.303,-10.0,21.0,59.0
1426879279.335,-10.0,21.0,59.0
1426879279.366,-10.0,21.0,59.0
1426879279.397,-10.0,21.0,59.0
1426879279.428,-10.0,21.0,59.0
1426879279.46,-10.0,21.0,59.0
1426879279.491,-10.0,21.0,59.0
1426879279.522,-10.0,21.0,59.0
1426879279.553,-11.0,21.0,59.0
1426879279.585,-10.0,20.0,59.0
1426879279.616,-10.0,21.0,59.0
1426879279.647,-10.0,20.0,59.0
1426879279.678,-10.0,21.0,59.0
1426879279.71,-10.0,21.0,59.0
1426879279.741,-10.0,20.0,59.0
1426879279.772,-10.0,20.0,59.0
1426879279.803,-10.0,21.0,59.0
1426879279.835,-10.0,21.0,59.0
1426879279.866,-10.0,20.0,59.0
1426879279.897,-10.0,20.0,59.0
1426879279.928,-10.0,21.0,59.0
1426879279.96,-10.0,21.0,59.0
1426879279.991,-10.0,21.0,59.0
1426879280.022,-10.0,20.0,59.0
1426879280.053,-10.0,20.0,59.0
1426879280.085,-10.0,22.0,59.0
1426879280.116,-10.0,21.0,59.0
1426879280.147,-10.0,20.0,59.0
1426879280.178,-10.0,20.0,60.0
1426879280.21,-10.0,21.0,59.0
1426879280.241,-10.0,21.0,59.0
1426879280.272,-10.0,21.0,59.0
1426879280.303,-10.0,20.0,59.0
1426879280.335,-10.0,21.0,59.0
1426879280.366,-10.0,21.0,59.0
1426879280.397,-11.0,20.0,59.0
1426879280.428,-10.0,20.0,60.0
1426879280.46,-10.0,21.0,59.0
1426879280.491,-10.0,21.0,59.0
1426879280.522,-10.0,20.0,60.0
1426879280.553,-10.0,20.0,59.0
1426879280.585,-9.0,21.0,59.0
1426879280.616,-10.0,21.0,60.0
1426879280.647,-11.0,20.0,59.0
1426879280.678,-10.0,21.0,60.0
1426879280.71,-10.0,21.0,60.0
1426879280.741,-9.0,21.0,58.0
1426879280.772,-9.0,20.0,60.0
1426879280.803,-12.0,22.0,60.0
1426879280.835,-9.0,22.0,59.0
1426879280.866,-10.0,20.0,60.0
1426879280.897,-10.0,21.0,59.0
1426879280.928,-10.0,21.0,59.0
1426879280.96,-10.0,21.0,59.0
1426879280.991,-10.0,20.0,59.0
1426879281.022,-10.0,20.0,59.0
1426879281.054,-10.0,20.0,60.0
1426879281.085,-11.0,21.0,59.0
1426879281.116,-10.0,22.0,59.0
1426879281.147,-10.0,20.0,60.0
1426879281.178,-10.0,19.0,59.0
1426879281.21,-10.0,21.0,59.0
1426879281.241,-10.0,22.0,59.0
1426879281.272,-9.0,22.0,59.0
1426879281.304,-10.0,19.0,59.0
1426879281.335,-10.0,19.0,60.0
1426879281.366,-10.0,21.0,59.0
1426879281.397,-10.0,21.0,59.0
1426879281.429,-10.0,20.0,60.0
1426879281.46,-10.0,21.0,59.0
1426879281.491,-10.0,21.0,59.0
1426879281.522,-10.0,20.0,59.0
1426879281.554,-11.0,20.0,59.0
1426879281.585,-10.0,21.0,59.0
1426879281.616,-10.0,21.0,59.0
1426879281.647,-10.0,21.0,59.0
1426879281.679,-10.0,20.0,59.0
1426879281.71,-10.0,21.0,59.0
1426879281.741,-10.0,21.0,59.0
1426879281.772,-10.0,21.0,59.0
1426879281.804,-10.0,20.0,60.0
1426879281.835,-10.0,20.0,59.0
1426879281.866,-10.0,21.0,59.0
1426879281.897,-10.0,20.0,59.0
1426879281.929,-10.0,20.0,59.0
1426879281.96,-10.0,20.0,60.0
1426879281.991,-10.0,21.0,59.0
1426879282.022,-10.0,21.0,59.0
1426879282.054,-10.0,21.0,60.0
1426879282.085,-10.0,20.0,59.0
1426879282.116,-10.0,21.0,59.0
1426879282.147,-10.0,21.0,59.0
1426879282.179,-10.0,21.0,59.0
1426879282.21,-10.0,20.0,59.0
1426879282.241,-10.0,20.0,59.0
1426879282.272,-10.0,21.0,59.0
1426879282.304,-10.0,21.0,59.0
1426879282.335,-10.0,20.0,59.0
1426879282.366,-10.0,21.0,59.0
1426879282.397,-10.0,21.0,59.0
1426879282.429,-10.0,21.0,59.0
1426879282.46,-10.0,21.0,59.0
1426879282.491,-10.0,20.0,59.0
1426879282.522,-10.0,21.0,59.0
1426879282.554,-10.0,21.0,59.0
1426879282.585,-10.0,20.0,59.0
1426879282.616,-10.0,20.0,59.0
1426879282.647,-10.0,20.0,59.0
1426879282.679,-10.0,21.0,59.0
1426879282.71,-10.0,21.0,59.0
1426879282.741,-10.0,20.0,59.0
1426879282.772,-10.0,20.0,59.0
1426879282.804,-10.0,21.0,59.0
1426879282.835,-10.0,21.0,59.0
1426879282.866,-10.0,20.0,59.0
1426879282.897,-10.0,21.0,59.0
1426879282.929,-10.0,20.0,59.0
1426879282.96,-10.0,21.0,59.0
1426879282.991,-10.0,21.0,59.0
1426879283.022,-10.0,21.0,59.0
1426879283.054,-10.0,20.0,59.0
1426879283.085,-10.0,21.0,59.0
1426879283.116,-10.0,21.0,59.0
1426879283.147,-10.0,21.0,59.0
1426879283.179,-10.0,21.0,59.0
1426879283.21,-10.0,21.0,59.0
1426879283.241,-10.0,21.0,59.0
1426879283.272,-10.0,20.0,59.0
1426879283.304,-10.0,21.0,59.0
1426879283.335,-10.0,21.0,59.0
1426879283.366,-10.0,21.0,59.0
1426879283.397,-10.0,21.0,59.0
1426879283.429,-10.0,20.0,59.0
1426879283.46,-10.0,21.0,59.0
1426879283.491,-11.0,21.0,59.0
1426879283.522,-10.0,20.0,59.0
1426879283.554,-10.0,20.0,59.0
1426879283.585,-10.0,20.0,59.0
1426879283.616,-10.0,21.0,59.0
1426879283.647,-10.0,21.0,59.0
1426879283.679,-10.0,21.0,59.0
1426879283.71,-10.0,20.0,59.0
1426879283.741,-10.0,21.0,59.0
1426879283.772,-10.0,21.0,59.0
